test_id,date,time,temp,rh,label
61,2024-09-11,4:27:10 오후,0.0,0.0,1
62,2024-09-11,4:27:16 오후,0.0,0.0,1
63,2024-09-11,4:28:16 오후,0.0,0.0,1
64,2024-09-11,4:30:56 오후,26.010921,67.54919,0
65,2024-09-11,4:30:57 오후,26.018158,67.33941,0
66,2024-09-11,4:30:58 오후,25.98018,67.31048,0
67,2024-09-11,4:30:59 오후,26.007307,67.400894,0
68,2024-09-11,4:31:00 오후,25.97837,67.45876,0
69,2024-09-11,4:31:01 오후,25.992838,67.38643,0
70,2024-09-11,4:31:02 오후,25.991032,67.41175,0
71,2024-09-11,4:31:03 오후,26.016348,67.201965,0
72,2024-09-11,4:31:04 오후,25.987413,67.24537,0
73,2024-09-11,4:31:05 오후,26.02539,67.19112,0
74,2024-09-11,4:31:06 오후,26.01454,67.173035,0
75,2024-09-11,4:31:07 오후,26.016348,67.12963,0
76,2024-09-11,4:31:08 오후,25.97837,67.13325,0
77,2024-09-11,4:31:09 오후,25.974754,67.13325,0
78,2024-09-11,4:31:10 오후,26.018158,67.209206,0
79,2024-09-11,4:31:11 오후,25.971138,67.22005,0
80,2024-09-11,4:31:12 오후,26.007307,67.259834,0
81,2024-09-11,4:31:13 오후,26.001879,67.25622,0
82,2024-09-11,4:31:14 오후,25.992838,67.2309,0
83,2024-09-11,4:31:15 오후,25.991032,67.30324,0
84,2024-09-11,4:31:16 오후,25.996456,67.32856,0
85,2024-09-11,4:31:17 오후,26.009115,67.37558,0
86,2024-09-11,4:31:18 오후,25.98018,67.408134,0
87,2024-09-11,4:31:19 오후,26.010921,67.28154,0
88,2024-09-11,4:31:20 오후,25.992838,67.21282,0
89,2024-09-11,4:31:21 오후,26.016348,67.209206,0
90,2024-09-11,4:31:22 오후,25.989223,67.259834,0
91,2024-09-11,4:31:23 오후,26.01454,66.974106,0
92,2024-09-11,4:31:24 오후,26.016348,66.995804,0
93,2024-09-11,4:31:25 오후,25.989223,66.974106,0
94,2024-09-11,4:31:26 오후,26.016348,66.86559,0
95,2024-09-11,4:31:27 오후,25.992838,66.97772,0
96,2024-09-11,4:31:28 오후,25.987413,66.9307,0
97,2024-09-11,4:31:29 오후,26.045284,66.843895,0
98,2024-09-11,4:31:30 오후,26.083261,66.8222,0
99,2024-09-11,4:31:31 오후,25.974754,66.749855,0
100,2024-09-11,4:31:32 오후,26.01454,66.702835,0
101,2024-09-11,4:31:33 오후,26.01454,66.702835,0
102,2024-09-11,4:31:34 오후,25.98018,66.749855,0
103,2024-09-11,4:31:35 오후,26.081451,66.59433,0
104,2024-09-11,4:31:36 오후,26.043474,66.61241,0
105,2024-09-11,4:31:37 오후,26.061558,66.5871,0
106,2024-09-11,4:31:38 오후,26.074219,66.59433,0
107,2024-09-11,4:31:39 오후,26.074219,66.65943,0
108,2024-09-11,4:31:40 오후,26.079643,66.28327,0
109,2024-09-11,4:31:41 오후,26.052517,66.35923,0
110,2024-09-11,4:31:42 오후,26.0706,66.28327,0
111,2024-09-11,4:31:43 오후,26.050707,66.00839,0
112,2024-09-11,4:31:44 오후,26.083261,66.10243,0
113,2024-09-11,4:31:45 오후,26.081451,66.10605,0
114,2024-09-11,4:31:46 오후,26.083261,66.27242,0
115,2024-09-11,4:31:47 오후,26.08688,66.31944,0
116,2024-09-11,4:31:48 오후,26.032623,66.344765,0
117,2024-09-11,4:31:49 오후,26.083261,66.26881,0
118,2024-09-11,4:31:50 오후,26.047092,66.352,0
119,2024-09-11,4:31:51 오후,26.07241,66.192856,0
120,2024-09-11,4:31:52 오후,26.092302,66.17477,0
121,2024-09-11,4:31:53 오후,26.081451,66.31583,0
122,2024-09-11,4:31:54 오후,26.092302,66.31944,0
123,2024-09-11,4:31:55 오후,26.104963,66.30859,0
124,2024-09-11,4:31:56 오후,26.068794,66.352,0
125,2024-09-11,4:31:57 오후,26.050707,66.1603,0
126,2024-09-11,4:31:58 오후,26.088688,66.156685,0
127,2024-09-11,4:31:59 오후,26.061558,65.957756,0
128,2024-09-11,4:32:00 오후,26.08688,65.9252,0
129,2024-09-11,4:32:01 오후,26.0706,66.08796,0
130,2024-09-11,4:32:02 오후,26.041666,66.120514,0
131,2024-09-11,4:32:03 오후,26.083261,66.051796,0
132,2024-09-11,4:32:04 오후,26.065176,65.96137,0
133,2024-09-11,4:32:05 오후,26.077837,66.05541,0
134,2024-09-11,4:32:06 오후,26.065176,66.00839,0
135,2024-09-11,4:32:07 오후,26.050707,66.05541,0
136,2024-09-11,4:32:08 오후,26.079643,65.98308,0
137,2024-09-11,4:32:09 오후,26.045284,66.03733,0
138,2024-09-11,4:32:10 오후,26.08688,65.99392,0
139,2024-09-11,4:32:11 오후,26.045284,66.062645,0
140,2024-09-11,4:32:12 오후,26.090494,66.03733,0
141,2024-09-11,4:32:13 오후,26.05975,65.89265,0
142,2024-09-11,4:32:14 오후,26.061558,65.979454,0
143,2024-09-11,4:32:15 오후,26.074219,65.89265,0
144,2024-09-11,4:32:16 오후,26.052517,65.88903,0
145,2024-09-11,4:32:17 오후,26.090494,65.827545,0
146,2024-09-11,4:32:18 오후,26.079643,65.780525,0
147,2024-09-11,4:32:19 오후,26.065176,65.76606,0
148,2024-09-11,4:32:20 오후,26.068794,65.76606,0
149,2024-09-11,4:32:21 오후,26.05975,65.69372,0
150,2024-09-11,4:32:22 오후,26.083261,65.63585,0
151,2024-09-11,4:32:23 오후,26.054325,65.4948,0
152,2024-09-11,4:32:24 오후,26.07241,65.45501,0
153,2024-09-11,4:32:25 오후,26.047092,65.43692,0
154,2024-09-11,4:32:26 오후,26.063368,65.458626,0
155,2024-09-11,4:32:27 오후,26.05975,65.458626,0
156,2024-09-11,4:32:28 오후,26.081451,65.52734,0
157,2024-09-11,4:32:29 오후,26.081451,65.52734,0
158,2024-09-11,4:32:30 오후,26.054325,65.58521,0
159,2024-09-11,4:32:31 오후,26.09592,65.58521,0
160,2024-09-11,4:32:32 오후,26.043474,65.610535,0
161,2024-09-11,4:32:33 오후,26.081451,65.59245,0
162,2024-09-11,4:32:34 오후,26.079643,65.65032,0
163,2024-09-11,4:32:35 오후,26.05975,65.59245,0
164,2024-09-11,4:32:36 오후,26.050707,65.62138,0
165,2024-09-11,4:32:37 오후,26.047092,65.63585,0
166,2024-09-11,4:32:38 오후,26.05975,65.65032,0
167,2024-09-11,4:32:39 오후,26.045284,65.48394,0
168,2024-09-11,4:32:40 오후,26.050707,65.54905,0
169,2024-09-11,4:32:41 오후,26.09592,65.50564,0
170,2024-09-11,4:32:42 오후,26.090494,65.50202,0
171,2024-09-11,4:32:43 오후,26.05975,65.55628,0
172,2024-09-11,4:32:44 오후,26.050707,65.52734,0
173,2024-09-11,4:32:45 오후,26.043474,65.28863,0
174,2024-09-11,4:32:46 오후,26.08688,65.29586,0
175,2024-09-11,4:32:47 오후,26.043474,65.1331,0
176,2024-09-11,4:32:48 오후,26.063368,65.158424,0
177,2024-09-11,4:32:49 오후,26.052517,65.12587,0
178,2024-09-11,4:32:50 오후,26.0706,65.14757,0
179,2024-09-11,4:32:51 오후,26.045284,65.12587,0
180,2024-09-11,4:32:52 오후,26.045284,65.140335,0
181,2024-09-11,4:32:53 오후,26.09592,65.12225,0
182,2024-09-11,4:32:54 오후,26.056135,65.16204,0
183,2024-09-11,4:32:55 오후,26.081451,65.09693,0
184,2024-09-11,4:32:56 오후,26.054325,65.14395,0
185,2024-09-11,4:32:57 오후,26.137516,65.12225,0
186,2024-09-11,4:32:58 오후,26.09592,65.07885,0
187,2024-09-11,4:32:59 오후,26.09773,65.10417,0
188,2024-09-11,4:33:00 오후,26.038052,65.14757,0
189,2024-09-11,4:33:01 오후,26.077837,65.24884,0
190,2024-09-11,4:33:02 오후,26.08688,65.21629,0
191,2024-09-11,4:33:03 오후,26.083261,65.18012,0
192,2024-09-11,4:33:04 오후,26.052517,65.187355,0
193,2024-09-11,4:33:05 오후,26.088688,65.12225,0
194,2024-09-11,4:33:06 오후,26.061558,65.07523,0
195,2024-09-11,4:33:07 오후,26.065176,65.25246,0
196,2024-09-11,4:33:08 오후,26.092302,65.23076,0
197,2024-09-11,4:33:09 오후,26.061558,64.97758,0
198,2024-09-11,4:33:10 오후,26.077837,64.999275,0
199,2024-09-11,4:33:11 오후,26.083261,64.8763,0
200,2024-09-11,4:33:12 오후,26.063368,64.952255,0
201,2024-09-11,4:33:13 오후,26.101345,64.680984,0
202,2024-09-11,4:33:14 오후,26.054325,64.70631,0
203,2024-09-11,4:33:15 오후,26.08688,64.623116,0
204,2024-09-11,4:33:16 오후,26.081451,64.62673,0
205,2024-09-11,4:33:17 오후,26.077837,64.547165,0
206,2024-09-11,4:33:18 오후,26.047092,64.5327,0
207,2024-09-11,4:33:19 오후,26.061558,64.49291,0
208,2024-09-11,4:33:20 오후,26.081451,64.500145,0
209,2024-09-11,4:33:21 오후,26.081451,64.6195,0
210,2024-09-11,4:33:22 오후,26.043474,64.61589,0
211,2024-09-11,4:33:23 오후,26.092302,64.82567,0
212,2024-09-11,4:33:24 오후,26.041666,64.81481,0
213,2024-09-11,4:33:25 오후,26.092302,64.822044,0
214,2024-09-11,4:33:26 오후,26.047092,64.771416,0
215,2024-09-11,4:33:27 오후,26.077837,64.8329,0
216,2024-09-11,4:33:28 오후,26.061558,64.81481,0
217,2024-09-11,4:33:29 오후,26.079643,64.74609,0
218,2024-09-11,4:33:30 오후,26.050707,64.69546,0
219,2024-09-11,4:33:31 오후,26.047092,64.72439,0
220,2024-09-11,4:33:32 오후,26.074219,64.67376,0
221,2024-09-11,4:33:33 오후,26.036242,64.85098,0
222,2024-09-11,4:33:34 오후,26.05975,64.771416,0
223,2024-09-11,4:33:35 오후,26.083261,64.680984,0
224,2024-09-11,4:33:36 오후,26.045284,64.72801,0
225,2024-09-11,4:33:37 오후,26.045284,64.63759,0
226,2024-09-11,4:33:38 오후,26.090494,64.62673,0
227,2024-09-11,4:33:39 오후,26.063368,64.60142,0
228,2024-09-11,4:33:40 오후,26.092302,64.65929,0
229,2024-09-11,4:33:41 오후,26.063368,64.605034,0
230,2024-09-11,4:33:42 오후,26.083261,64.65929,0
231,2024-09-11,4:33:43 오후,26.068794,64.63397,0
232,2024-09-11,4:33:44 오후,26.074219,64.688225,0
233,2024-09-11,4:33:45 오후,26.056135,64.6195,0
234,2024-09-11,4:33:46 오후,26.088688,64.677376,0
235,2024-09-11,4:33:47 오후,26.081451,64.63397,0
236,2024-09-11,4:33:48 오후,26.043474,64.63759,0
237,2024-09-11,4:33:49 오후,26.052517,64.50738,0
238,2024-09-11,4:33:50 오후,26.083261,64.536316,0
239,2024-09-11,4:33:51 오후,26.05975,64.680984,0
240,2024-09-11,4:33:52 오후,26.074219,64.62673,0
241,2024-09-11,4:33:53 오후,26.077837,64.605034,0
242,2024-09-11,4:33:54 오후,26.0706,64.680984,0
243,2024-09-11,4:33:55 오후,26.056135,64.33739,0
244,2024-09-11,4:33:56 오후,26.081451,64.254196,0
245,2024-09-11,4:33:57 오후,26.047092,64.23973,0
246,2024-09-11,4:33:58 오후,26.083261,64.16739,0
247,2024-09-11,4:33:59 오후,26.088688,64.10952,0
248,2024-09-11,4:34:00 오후,26.077837,64.076965,0
249,2024-09-11,4:34:01 오후,26.054325,64.15654,0
250,2024-09-11,4:34:02 오후,26.088688,64.12761,0
251,2024-09-11,4:34:03 오후,26.054325,64.218025,0
252,2024-09-11,4:34:04 오후,26.083261,64.23611,0
253,2024-09-11,4:34:05 오후,26.074219,64.189095,0
254,2024-09-11,4:34:06 오후,26.074219,64.20718,0
255,2024-09-11,4:34:07 오후,26.050707,64.16739,0
256,2024-09-11,4:34:08 오후,26.083261,64.10229,0
257,2024-09-11,4:34:09 오후,26.083261,64.12037,0
258,2024-09-11,4:34:10 오후,26.036242,64.13122,0
259,2024-09-11,4:34:11 오후,26.052517,64.13845,0
260,2024-09-11,4:34:12 오후,26.0706,64.09144,0
261,2024-09-11,4:34:13 오후,26.050707,64.21079,0
262,2024-09-11,4:34:14 오후,26.079643,64.189095,0
263,2024-09-11,4:34:15 오후,26.050707,64.37355,0
264,2024-09-11,4:34:16 오후,26.092302,64.30845,0
265,2024-09-11,4:34:17 오후,26.052517,64.25781,0
266,2024-09-11,4:34:18 오후,26.088688,64.23973,0
267,2024-09-11,4:34:19 오후,26.05975,64.228874,0
268,2024-09-11,4:34:20 오후,26.074219,64.18186,0
269,2024-09-11,4:34:21 오후,26.052517,64.254196,0
270,2024-09-11,4:34:22 오후,26.077837,64.17462,0
271,2024-09-11,4:34:23 오후,26.077837,64.24335,0
272,2024-09-11,4:34:24 오후,26.063368,64.18186,0
273,2024-09-11,4:34:25 오후,26.047092,64.27952,0
274,2024-09-11,4:34:26 오후,26.077837,64.254196,0
275,2024-09-11,4:34:27 오후,26.077837,64.24696,0
276,2024-09-11,4:34:28 오후,26.061558,64.17462,0
277,2024-09-11,4:34:29 오후,26.050707,64.13845,0
278,2024-09-11,4:34:30 오후,26.045284,64.10952,0
279,2024-09-11,4:34:31 오후,26.045284,64.00825,0
280,2024-09-11,4:34:32 오후,26.090494,64.00825,0
281,2024-09-11,4:34:33 오후,26.045284,64.03718,0
282,2024-09-11,4:34:34 오후,26.08688,63.986546,0
283,2024-09-11,4:34:35 오후,26.079643,63.91059,0
284,2024-09-11,4:34:36 오후,26.090494,63.96846,0
285,2024-09-11,4:34:37 오후,26.056135,63.94676,0
286,2024-09-11,4:34:38 오후,26.068794,63.964844,0
287,2024-09-11,4:34:39 오후,26.05975,63.986546,0
288,2024-09-11,4:34:40 오후,26.063368,63.986546,0
289,2024-09-11,4:34:41 오후,26.079643,63.964844,0
290,2024-09-11,4:34:42 오후,26.074219,63.91059,0
291,2024-09-11,4:34:43 오후,26.047092,63.957607,0
292,2024-09-11,4:34:44 오후,26.081451,63.896126,0
293,2024-09-11,4:34:45 오후,26.045284,63.94676,0
294,2024-09-11,4:34:46 오후,26.07241,63.953995,0
295,2024-09-11,4:34:47 오후,26.050707,63.96846,0
296,2024-09-11,4:34:48 오후,26.056135,63.91421,0
297,2024-09-11,4:34:49 오후,26.074219,64.05527,0
298,2024-09-11,4:34:50 오후,26.052517,63.990166,0
299,2024-09-11,4:34:51 오후,26.08688,64.04442,0
300,2024-09-11,4:34:52 오후,26.045284,64.00463,0
301,2024-09-11,4:34:53 오후,26.047092,63.820164,0
302,2024-09-11,4:34:54 오후,26.045284,63.8274,0
303,2024-09-11,4:34:55 오후,26.092302,63.523586,0
304,2024-09-11,4:34:56 오후,26.061558,63.552517,0
305,2024-09-11,4:34:57 오후,26.065176,63.57422,0
306,2024-09-11,4:34:58 오후,26.041666,63.62847,0
307,2024-09-11,4:34:59 오후,26.056135,63.794853,0
308,2024-09-11,4:35:00 오후,26.088688,63.83825,0
309,2024-09-11,4:35:01 오후,26.0706,63.878036,0
310,2024-09-11,4:35:02 오후,26.05975,63.841866,0
311,2024-09-11,4:35:03 오후,26.056135,63.758682,0
312,2024-09-11,4:35:04 오후,26.050707,63.682724,0
313,2024-09-11,4:35:05 오후,26.090494,63.621243,0
314,2024-09-11,4:35:06 오후,26.09592,63.661026,0
315,2024-09-11,4:35:07 오후,26.081451,63.751446,0
316,2024-09-11,4:35:08 오후,26.068794,63.758682,0
317,2024-09-11,4:35:09 오후,26.045284,63.610386,0
318,2024-09-11,4:35:10 오후,26.079643,63.632088,0
319,2024-09-11,4:35:11 오후,26.045284,63.62485,0
320,2024-09-11,4:35:12 오후,26.054325,63.585068,0
321,2024-09-11,4:35:13 오후,26.05975,63.773148,0
322,2024-09-11,4:35:14 오후,26.056135,63.71528,0
323,2024-09-11,4:35:15 오후,26.0706,63.570602,0
324,2024-09-11,4:35:16 오후,26.0706,63.498264,0
325,2024-09-11,4:35:17 오후,26.050707,63.494648,0
326,2024-09-11,4:35:18 오후,26.063368,63.48741,0
327,2024-09-11,4:35:19 오후,26.068794,63.60677,0
328,2024-09-11,4:35:20 오후,26.081451,63.62847,0
329,2024-09-11,4:35:21 오후,26.050707,63.44401,0
330,2024-09-11,4:35:22 오후,26.079643,63.42593,0
331,2024-09-11,4:35:23 오후,26.07241,63.284866,0
332,2024-09-11,4:35:24 오후,26.050707,63.288486,0
333,2024-09-11,4:35:25 오후,26.052517,63.33912,0
334,2024-09-11,4:35:26 오후,26.063368,63.277634,0
335,2024-09-11,4:35:27 오후,26.074219,63.335503,0
336,2024-09-11,4:35:28 오후,26.045284,63.277634,0
337,2024-09-11,4:35:29 오후,26.063368,63.241463,0
338,2024-09-11,4:35:30 오후,26.090494,63.19806,0
339,2024-09-11,4:35:31 오후,25.97837,63.172745,0
340,2024-09-11,4:35:32 오후,26.016348,63.208916,0
341,2024-09-11,4:35:33 오후,26.0706,63.154655,0
342,2024-09-11,4:35:34 오후,26.079643,63.208916,0
343,2024-09-11,4:35:35 오후,26.043474,63.143806,0
344,2024-09-11,4:35:36 오후,26.083261,63.154655,0
345,2024-09-11,4:35:37 오후,26.045284,63.114876,0
346,2024-09-11,4:35:38 오후,26.045284,63.13657,0
347,2024-09-11,4:35:39 오후,26.065176,63.151043,0
348,2024-09-11,4:35:40 오후,26.061558,63.14019,0
349,2024-09-11,4:35:41 오후,25.987413,62.991898,0
350,2024-09-11,4:35:42 오후,26.018158,62.99913,0
351,2024-09-11,4:35:43 오후,26.047092,63.04615,0
352,2024-09-11,4:35:44 오후,26.05975,62.991898,0
353,2024-09-11,4:35:45 오후,26.061558,63.0787,0
354,2024-09-11,4:35:46 오후,26.056135,63.0787,0
355,2024-09-11,4:35:47 오후,25.971138,63.006367,0
356,2024-09-11,4:35:48 오후,26.016348,63.01722,0
357,2024-09-11,4:35:49 오후,25.971138,63.042534,0
358,2024-09-11,4:35:50 오후,26.009115,63.04977,0
359,2024-09-11,4:35:51 오후,26.047092,63.035305,0
360,2024-09-11,4:35:52 오후,26.045284,63.02445,0
361,2024-09-11,4:35:53 오후,26.009115,63.02807,0
362,2024-09-11,4:35:54 오후,26.005497,63.071472,0
363,2024-09-11,4:35:55 오후,26.001879,62.995518,0
364,2024-09-11,4:35:56 오후,25.97837,62.99913,0
365,2024-09-11,4:35:57 오후,25.97837,62.81467,0
366,2024-09-11,4:35:58 오후,25.991032,62.78212,0
367,2024-09-11,4:35:59 오후,25.97837,62.5,0
368,2024-09-11,4:36:00 오후,26.016348,62.518085,0
369,2024-09-11,4:36:01 오후,25.97837,62.720634,0
370,2024-09-11,4:36:02 오후,25.991032,62.745945,0
371,2024-09-11,4:36:03 오후,25.989223,62.789352,0
372,2024-09-11,4:36:04 오후,26.010921,62.836372,0
373,2024-09-11,4:36:05 오후,26.01454,62.8436,0
374,2024-09-11,4:36:06 오후,26.005497,62.789352,0
375,2024-09-11,4:36:07 오후,26.009115,62.88339,0
376,2024-09-11,4:36:08 오후,25.987413,62.88701,0
377,2024-09-11,4:36:09 오후,26.000074,63.04615,0
378,2024-09-11,4:36:10 오후,25.974754,63.031685,0
379,2024-09-11,4:36:11 오후,26.016348,62.90509,0
380,2024-09-11,4:36:12 오후,25.971138,62.901474,0
381,2024-09-11,4:36:13 오후,26.007307,62.7568,0
382,2024-09-11,4:36:14 오후,26.023582,62.70255,0
383,2024-09-11,4:36:15 오후,25.991032,62.760418,0
384,2024-09-11,4:36:16 오후,25.983795,62.7568,0
385,2024-09-11,4:36:17 오후,25.998264,62.64829,0
386,2024-09-11,4:36:18 오후,25.981987,62.75318,0
387,2024-09-11,4:36:19 오후,26.018158,62.76403,0
388,2024-09-11,4:36:20 오후,25.981987,62.81829,0
389,2024-09-11,4:36:21 오후,26.009115,62.854458,0
390,2024-09-11,4:36:22 오후,26.023582,62.800205,0
391,2024-09-11,4:36:23 오후,26.005497,62.7568,0
392,2024-09-11,4:36:24 오후,26.005497,62.64468,0
393,2024-09-11,4:36:25 오후,25.991032,62.655525,0
394,2024-09-11,4:36:26 오후,26.016348,62.597656,0
395,2024-09-11,4:36:27 오후,25.992838,62.59042,0
396,2024-09-11,4:36:28 오후,25.992838,62.554253,0
397,2024-09-11,4:36:29 오후,25.974754,62.832756,0
398,2024-09-11,4:36:30 오후,26.01454,62.850838,0
399,2024-09-11,4:36:31 오후,25.983795,62.69893,0
400,2024-09-11,4:36:32 오후,25.97837,62.738716,0
401,2024-09-11,4:36:33 오후,26.023582,62.518085,0
402,2024-09-11,4:36:34 오후,25.983795,62.55787,0
403,2024-09-11,4:36:35 오후,26.018158,62.456596,0
404,2024-09-11,4:36:36 오후,25.96933,62.41681,0
405,2024-09-11,4:36:37 오후,26.01454,62.33724,0
406,2024-09-11,4:36:38 오후,26.01454,62.308304,0
407,2024-09-11,4:36:39 오후,25.971138,62.344475,0
408,2024-09-11,4:36:40 오후,26.001879,62.308304,0
409,2024-09-11,4:36:41 오후,25.983795,62.481915,0
410,2024-09-11,4:36:42 오후,26.007307,62.456596,0
411,2024-09-11,4:36:43 오후,25.981987,62.391495,0
412,2024-09-11,4:36:44 오후,26.005497,62.474678,0
413,2024-09-11,4:36:45 오후,25.981987,62.474678,0
414,2024-09-11,4:36:46 오후,25.991032,62.402344,0
415,2024-09-11,4:36:47 오후,25.996456,62.304688,0
416,2024-09-11,4:36:48 오후,26.016348,62.35532,0
417,2024-09-11,4:36:49 오후,25.971138,62.232353,0
418,2024-09-11,4:36:50 오후,25.983795,62.27575,0
419,2024-09-11,4:36:51 오후,25.981987,62.21788,0
420,2024-09-11,4:36:52 오후,26.018158,62.232353,0
421,2024-09-11,4:36:53 오후,25.989223,62.380642,0
422,2024-09-11,4:36:54 오후,26.005497,62.33724,0
423,2024-09-11,4:36:55 오후,25.983795,62.30107,0
424,2024-09-11,4:36:56 오후,25.983795,62.366177,0
425,2024-09-11,4:36:57 오후,25.925926,62.141926,0
426,2024-09-11,4:36:58 오후,25.960287,62.131077,0
427,2024-09-11,4:36:59 오후,25.974754,62.214268,0
428,2024-09-11,4:37:00 오후,26.023582,62.26852,0
429,2024-09-11,4:37:01 오후,26.001879,62.373405,0
430,2024-09-11,4:37:02 오후,25.972944,62.35894,0
431,2024-09-11,4:37:03 오후,25.963902,62.27575,0
432,2024-09-11,4:37:04 오후,25.927734,62.203415,0
433,2024-09-11,4:37:05 오후,25.972944,62.35532,0
434,2024-09-11,4:37:06 오후,25.996456,62.29384,0
435,2024-09-11,4:37:07 오후,25.934967,62.24682,0
436,2024-09-11,4:37:08 오후,25.971138,62.21788,0
437,2024-09-11,4:37:09 오후,25.956669,62.308304,0
438,2024-09-11,4:37:10 오후,25.95486,62.26852,0
439,2024-09-11,4:37:11 오후,25.95305,62.304688,0
440,2024-09-11,4:37:12 오후,25.927734,62.322773,0
441,2024-09-11,4:37:13 오후,25.96933,62.26852,0
442,2024-09-11,4:37:14 오후,25.960287,62.272137,0
443,2024-09-11,4:37:15 오후,25.96933,62.12746,0
444,2024-09-11,4:37:16 오후,25.94401,62.076824,0
445,2024-09-11,4:37:17 오후,25.960287,62.149162,0
446,2024-09-11,4:37:18 오후,25.942204,62.09129,0
447,2024-09-11,4:37:19 오후,25.934967,62.10576,0
448,2024-09-11,4:37:20 오후,25.94401,62.160007,0
449,2024-09-11,4:37:21 오후,25.934967,62.12384,0
450,2024-09-11,4:37:22 오후,25.956669,62.109375,0
451,2024-09-11,4:37:23 오후,25.947628,62.203415,0
452,2024-09-11,4:37:24 오후,25.933159,62.282986,0
453,2024-09-11,4:37:25 오후,25.947628,62.199795,0
454,2024-09-11,4:37:26 오후,25.956669,62.250435,0
455,2024-09-11,4:37:27 오후,25.956669,62.192566,0
456,2024-09-11,4:37:28 오후,25.920502,62.26852,0
457,2024-09-11,4:37:29 오후,25.95486,62.47106,0
458,2024-09-11,4:37:30 오후,25.963902,62.38426,0
459,2024-09-11,4:37:31 오후,25.927734,62.445747,0
460,2024-09-11,4:37:32 오후,25.95486,62.40958,0
461,2024-09-11,4:37:33 오후,25.938585,62.474678,0
462,2024-09-11,4:37:34 오후,25.94401,62.391495,0
463,2024-09-11,4:37:35 오후,25.915073,62.395107,0
464,2024-09-11,4:37:36 오후,25.938585,62.503616,0
465,2024-09-11,4:37:37 오후,25.945818,62.481915,0
466,2024-09-11,4:37:38 오후,25.942204,62.539787,0
467,2024-09-11,4:37:39 오후,25.934967,62.391495,0
468,2024-09-11,4:37:40 오후,25.934967,62.413193,0
469,2024-09-11,4:37:41 오후,25.938585,62.395107,0
470,2024-09-11,4:37:42 오후,25.942204,62.42043,0
471,2024-09-11,4:37:43 오후,25.933159,62.554253,0
472,2024-09-11,4:37:44 오후,25.929543,62.503616,0
473,2024-09-11,4:37:45 오후,25.934967,62.492764,0
474,2024-09-11,4:37:46 오후,25.971138,62.431282,0
475,2024-09-11,4:37:47 오후,25.918692,62.5217,0
476,2024-09-11,4:37:48 오후,25.925926,62.481915,0
477,2024-09-11,4:37:49 오후,25.956669,62.666374,0
478,2024-09-11,4:37:50 오후,25.925926,62.57957,0
479,2024-09-11,4:37:51 오후,25.95486,62.745945,0
480,2024-09-11,4:37:52 오후,25.956669,62.742336,0
481,2024-09-11,4:37:53 오후,25.929543,62.890625,0
482,2024-09-11,4:37:54 오후,25.96933,62.93765,0
483,2024-09-11,4:37:55 오후,25.934967,63.0787,0
484,2024-09-11,4:37:56 오후,25.945818,63.143806,0
485,2024-09-11,4:37:57 오후,25.920502,63.205296,0
486,2024-09-11,4:37:58 오후,25.927734,63.22338,0
487,2024-09-11,4:37:59 오후,25.965712,63.51273,0
488,2024-09-11,4:38:00 오후,25.945818,63.548897,0
489,2024-09-11,4:38:01 오후,25.936777,63.89251,0
490,2024-09-11,4:38:02 오후,25.963902,63.93952,0
491,2024-09-11,4:38:03 오후,25.962093,64.17462,0
492,2024-09-11,4:38:04 오후,25.95305,64.254196,0
493,2024-09-11,4:38:05 오후,25.938585,64.27228,0
494,2024-09-11,4:38:06 오후,25.94401,64.3627,0
495,2024-09-11,4:38:07 오후,25.936777,64.26143,0
496,2024-09-11,4:38:08 오후,25.938585,64.35185,0
497,2024-09-11,4:38:09 오후,25.927734,64.51461,0
498,2024-09-11,4:38:10 오후,25.938585,64.56525,0
499,2024-09-11,4:38:11 오후,25.929543,64.6629,0
500,2024-09-11,4:38:12 오후,25.965712,64.735245,0
501,2024-09-11,4:38:13 오후,25.920502,64.81481,0
502,2024-09-11,4:38:14 오후,25.938585,64.85098,0
503,2024-09-11,4:38:15 오후,25.951246,64.87269,0
504,2024-09-11,4:38:16 오후,25.934967,64.93056,0
505,2024-09-11,4:38:17 오후,25.965712,64.65929,0
506,2024-09-11,4:38:18 오후,25.938585,64.65929,0
507,2024-09-11,4:38:19 오후,25.95486,64.69907,0
508,2024-09-11,4:38:20 오후,25.929543,64.8763,0
509,2024-09-11,4:38:21 오후,25.942204,64.94502,0
510,2024-09-11,4:38:22 오후,25.918692,65.01374,0
511,2024-09-11,4:38:23 오후,25.965712,65.1114,0
512,2024-09-11,4:38:24 오후,25.933159,65.11501,0
513,2024-09-11,4:38:25 오후,25.95486,65.20183,0
514,2024-09-11,4:38:26 오후,25.933159,65.20183,0
515,2024-09-11,4:38:27 오후,25.934967,65.07885,0
516,2024-09-11,4:38:28 오후,25.942204,65.057144,0
517,2024-09-11,4:38:29 오후,25.945818,64.94502,0
518,2024-09-11,4:38:30 오후,25.929543,64.92694,0
519,2024-09-11,4:38:31 오후,25.962093,64.923325,0
520,2024-09-11,4:38:32 오후,25.927734,64.898,0
521,2024-09-11,4:38:33 오후,25.95486,64.92694,0
522,2024-09-11,4:38:34 오후,25.920502,64.92694,0
523,2024-09-11,4:38:35 오후,25.95305,64.96673,0
524,2024-09-11,4:38:36 오후,25.934967,64.97758,0
525,2024-09-11,4:38:37 오후,25.95486,65.187355,0
526,2024-09-11,4:38:38 오후,25.933159,65.292244,0
527,2024-09-11,4:38:39 오후,25.951246,65.46586,0
528,2024-09-11,4:38:40 오후,25.942204,65.77691,0
529,2024-09-11,4:38:41 오후,25.962093,65.845634,0
530,2024-09-11,4:38:42 오후,25.94401,65.95414,0
531,2024-09-11,4:38:43 오후,25.94401,65.95414,0
532,2024-09-11,4:38:44 오후,25.936777,65.93605,0
533,2024-09-11,4:38:45 오후,25.945818,65.791374,0
534,2024-09-11,4:38:46 오후,25.920502,65.84925,0
535,2024-09-11,4:38:47 오후,25.945818,65.85648,0
536,2024-09-11,4:38:48 오후,25.920502,66.03009,0
537,2024-09-11,4:38:49 오후,25.951246,66.08434,0
538,2024-09-11,4:38:50 오후,25.934967,66.12413,0
539,2024-09-11,4:38:51 오후,25.960287,66.109665,0
540,2024-09-11,4:38:52 오후,25.947628,66.109665,0
541,2024-09-11,4:38:53 오후,25.951246,66.16392,0
542,2024-09-11,4:38:54 오후,25.929543,66.03009,0
543,2024-09-11,4:38:55 오후,25.951246,66.05541,0
544,2024-09-11,4:38:56 오후,25.95486,65.98308,0
545,2024-09-11,4:38:57 오후,25.927734,66.01924,0
546,2024-09-11,4:38:58 오후,25.95305,65.88903,0
547,2024-09-11,4:38:59 오후,25.929543,65.94329,0
548,2024-09-11,4:39:00 오후,25.951246,65.874565,0
549,2024-09-11,4:39:01 오후,25.94401,65.96499,0
550,2024-09-11,4:39:02 오후,25.96933,66.051796,0
551,2024-09-11,4:39:03 오후,25.927734,65.9903,0
552,2024-09-11,4:39:04 오후,25.945818,66.091576,0
553,2024-09-11,4:39:05 오후,25.938585,66.156685,0
554,2024-09-11,4:39:06 오후,25.971138,66.01201,0
555,2024-09-11,4:39:07 오후,25.924116,66.01924,0
556,2024-09-11,4:39:08 오후,25.933159,66.10243,0
557,2024-09-11,4:39:09 오후,25.951246,66.16392,0
558,2024-09-11,4:39:10 오후,25.963902,66.051796,0
559,2024-09-11,4:39:11 오후,25.918692,66.03371,0
560,2024-09-11,4:39:12 오후,25.963902,65.89989,0
561,2024-09-11,4:39:13 오후,25.920502,66.04817,0
562,2024-09-11,4:39:14 오후,25.972944,66.03371,0
563,2024-09-11,4:39:15 오후,25.947628,66.06626,0
564,2024-09-11,4:39:16 오후,25.94401,65.99392,0
565,2024-09-11,4:39:17 오후,25.94401,66.06626,0
566,2024-09-11,4:39:18 오후,25.95305,65.99392,0
567,2024-09-11,4:39:19 오후,25.920502,66.026474,0
568,2024-09-11,4:39:20 오후,25.963902,66.17477,0
569,2024-09-11,4:39:21 오후,25.956669,66.17477,0
570,2024-09-11,4:39:22 오후,25.951246,66.344765,0
571,2024-09-11,4:39:23 오후,25.927734,66.32306,0
572,2024-09-11,4:39:24 오후,25.962093,66.427956,0
573,2024-09-11,4:39:25 오후,25.936777,66.39902,0
574,2024-09-11,4:39:26 오후,25.938585,66.23626,0
575,2024-09-11,4:39:27 오후,25.963902,66.10243,0
576,2024-09-11,4:39:28 오후,25.936777,66.10605,0
577,2024-09-11,4:39:29 오후,25.960287,66.091576,0
578,2024-09-11,4:39:30 오후,25.920502,66.13499,0
579,2024-09-11,4:39:31 오후,25.963902,66.091576,0
580,2024-09-11,4:39:32 오후,25.956669,66.25434,0
581,2024-09-11,4:39:33 오후,25.927734,66.21817,0
582,2024-09-11,4:39:34 오후,25.942204,66.17115,0
583,2024-09-11,4:39:35 오후,25.936777,66.31944,0
584,2024-09-11,4:39:36 오후,25.965712,66.28327,0
585,2024-09-11,4:39:37 오후,25.936777,66.34114,0
586,2024-09-11,4:39:38 오후,25.960287,66.48944,0
587,2024-09-11,4:39:39 오후,25.934967,66.55093,0
588,2024-09-11,4:39:40 오후,25.938585,66.38817,0
589,2024-09-11,4:39:41 오후,25.925926,66.44242,0
590,2024-09-11,4:39:42 오후,25.963902,66.52199,0
591,2024-09-11,4:39:43 오후,25.924116,66.55816,0
592,2024-09-11,4:39:44 오후,25.956669,66.49667,0
593,2024-09-11,4:39:45 오후,25.918692,66.49667,0
594,2024-09-11,4:39:46 오후,25.924116,66.47136,0
595,2024-09-11,4:39:47 오후,25.951246,66.52561,0
596,2024-09-11,4:39:48 오후,25.925926,66.644966,0
597,2024-09-11,4:39:49 오후,25.95486,66.54008,0
598,2024-09-11,4:39:50 오후,25.960287,66.63411,0
599,2024-09-11,4:39:51 오후,25.920502,66.6522,0
600,2024-09-11,4:39:52 오후,25.942204,66.68114,0
601,2024-09-11,4:39:53 오후,25.956669,66.75709,0
602,2024-09-11,4:39:54 오후,25.927734,66.713684,0
603,2024-09-11,4:39:55 오후,25.963902,66.77155,0
604,2024-09-11,4:39:56 오후,25.96933,66.86921,0
605,2024-09-11,4:39:57 오후,25.942204,66.901764,0
606,2024-09-11,4:39:58 오후,25.94401,66.984955,0
607,2024-09-11,4:39:59 오후,25.920502,66.97772,0
608,2024-09-11,4:40:00 오후,25.925926,66.69922,0
609,2024-09-11,4:40:01 오후,25.924116,66.72454,0
610,2024-09-11,4:40:02 오후,25.936777,66.78964,0
611,2024-09-11,4:40:03 오후,25.956669,66.87645,0
612,2024-09-11,4:40:04 오후,25.945818,66.91624,0
613,2024-09-11,4:40:05 오후,25.947628,66.97772,0
614,2024-09-11,4:40:06 오후,25.95305,66.91985,0
615,2024-09-11,4:40:07 오후,25.927734,66.9524,0
616,2024-09-11,4:40:08 오후,25.920502,67.08623,0
617,2024-09-11,4:40:09 오후,25.951246,67.15856,0
618,2024-09-11,4:40:10 오후,25.934967,67.09346,0
619,2024-09-11,4:40:11 오후,25.956669,67.11155,0
620,2024-09-11,4:40:12 오후,25.945818,67.25622,0
621,2024-09-11,4:40:13 오후,25.942204,67.25622,0
622,2024-09-11,4:40:14 오후,25.95486,67.248985,0
623,2024-09-11,4:40:15 오후,25.925926,67.22367,0
624,2024-09-11,4:40:16 오후,25.95486,67.09346,0
625,2024-09-11,4:40:17 오후,25.945818,67.15495,0
626,2024-09-11,4:40:18 오후,25.962093,67.32856,0
627,2024-09-11,4:40:19 오후,25.934967,67.32133,0
628,2024-09-11,4:40:20 오후,25.962093,67.19112,0
629,2024-09-11,4:40:21 오후,25.965712,67.21282,0
630,2024-09-11,4:40:22 오후,25.936777,67.24175,0
631,2024-09-11,4:40:23 오후,25.963902,67.22367,0
632,2024-09-11,4:40:24 오후,25.924116,67.37196,0
633,2024-09-11,4:40:25 오후,25.95486,67.29962,0
634,2024-09-11,4:40:26 오후,25.929543,67.248985,0
635,2024-09-11,4:40:27 오후,25.942204,67.209206,0
636,2024-09-11,4:40:28 오후,25.925926,67.33941,0
637,2024-09-11,4:40:29 오후,25.934967,67.296005,0
638,2024-09-11,4:40:30 오후,25.963902,67.49855,0
639,2024-09-11,4:40:31 오후,25.947628,67.58536,0
640,2024-09-11,4:40:32 오후,25.927734,67.69749,0
641,2024-09-11,4:40:33 오후,25.956669,67.719185,0
642,2024-09-11,4:40:34 오후,25.962093,67.66493,0
643,2024-09-11,4:40:35 오후,25.942204,67.73365,0
644,2024-09-11,4:40:36 오후,25.929543,67.47685,0
645,2024-09-11,4:40:37 오후,25.956669,67.53834,0
646,2024-09-11,4:40:38 오후,25.925926,67.44792,0
647,2024-09-11,4:40:39 오후,25.945818,67.37558,0
648,2024-09-11,4:40:40 오후,25.933159,67.35749,0
649,2024-09-11,4:40:41 오후,25.918692,67.32133,0
650,2024-09-11,4:40:42 오후,25.934967,67.29239,0
651,2024-09-11,4:40:43 오후,25.95486,67.353874,0
652,2024-09-11,4:40:44 오후,25.95305,67.46239,0
653,2024-09-11,4:40:45 오후,25.942204,67.57089,0
654,2024-09-11,4:40:46 오후,25.965712,67.38643,0
655,2024-09-11,4:40:47 오후,25.938585,67.4443,0
656,2024-09-11,4:40:48 오후,25.945818,67.30324,0
657,2024-09-11,4:40:49 오후,25.951246,67.32133,0
658,2024-09-11,4:40:50 오후,25.927734,67.50941,0
659,2024-09-11,4:40:51 오후,25.934967,67.54919,0
660,2024-09-11,4:40:52 오후,25.936777,67.654076,0
661,2024-09-11,4:40:53 오후,25.945818,67.64684,0
662,2024-09-11,4:40:54 오후,25.951246,67.64684,0
663,2024-09-11,4:40:55 오후,25.963902,67.719185,0
664,2024-09-11,4:40:56 오후,25.947628,67.661316,0
665,2024-09-11,4:40:57 오후,25.956669,67.73365,0
666,2024-09-11,4:40:58 오후,25.936777,67.66493,0
667,2024-09-11,4:40:59 오후,25.951246,67.755356,0
668,2024-09-11,4:41:00 오후,25.95486,67.60345,0
669,2024-09-11,4:41:01 오후,25.925926,67.643234,0
670,2024-09-11,4:41:02 오후,25.960287,67.62876,0
671,2024-09-11,4:41:03 오후,25.95486,67.61067,0
672,2024-09-11,4:41:04 오후,25.965712,67.502174,0
673,2024-09-11,4:41:05 오후,25.942204,67.56366,0
674,2024-09-11,4:41:06 오후,25.925926,67.49855,0
675,2024-09-11,4:41:07 오후,25.956669,67.513016,0
676,2024-09-11,4:41:08 오후,25.924116,67.45515,0
677,2024-09-11,4:41:09 오후,25.924116,67.426216,0
678,2024-09-11,4:41:10 오후,25.962093,67.28516,0
679,2024-09-11,4:41:11 오후,25.947628,67.32856,0
680,2024-09-11,4:41:12 오후,25.951246,67.1875,0
681,2024-09-11,4:41:13 오후,25.971138,67.20558,0
682,2024-09-11,4:41:14 오후,25.992838,67.2309,0
683,2024-09-11,4:41:15 오후,26.000074,67.18388,0
684,2024-09-11,4:41:16 오후,25.920502,67.00665,0
685,2024-09-11,4:41:17 오후,25.956669,67.024734,0
686,2024-09-11,4:41:18 오후,25.924116,66.95602,0
687,2024-09-11,4:41:19 오후,25.971138,66.93432,0
688,2024-09-11,4:41:20 오후,25.989223,67.04644,0
689,2024-09-11,4:41:21 오후,26.009115,66.95602,0
690,2024-09-11,4:41:22 오후,25.962093,66.91624,0
691,2024-09-11,4:41:23 오후,25.933159,66.984955,0
692,2024-09-11,4:41:24 오후,26.018158,66.75709,0
693,2024-09-11,4:41:25 오후,25.981987,66.713684,0
694,2024-09-11,4:41:26 오후,26.018158,66.70645,0
695,2024-09-11,4:41:27 오후,26.000074,66.760704,0
696,2024-09-11,4:41:28 오후,25.981987,66.82581,0
697,2024-09-11,4:41:29 오후,25.981987,66.843895,0
698,2024-09-11,4:41:30 오후,26.007307,66.92347,0
699,2024-09-11,4:41:31 오후,25.98018,66.948784,0
700,2024-09-11,4:41:32 오후,26.01454,66.57986,0
701,2024-09-11,4:41:33 오후,25.983795,66.66305,0
702,2024-09-11,4:41:34 오후,25.991032,66.20009,0
703,2024-09-11,4:41:35 오후,26.009115,66.18923,0
704,2024-09-11,4:41:36 오후,26.001879,66.15307,0
705,2024-09-11,4:41:37 오후,26.023582,66.192856,0
706,2024-09-11,4:41:38 오후,26.005497,66.34114,0
707,2024-09-11,4:41:39 오후,26.001879,66.32306,0
708,2024-09-11,4:41:40 오후,25.991032,66.18923,0
709,2024-09-11,4:41:41 오후,26.01454,66.21094,0
710,2024-09-11,4:41:42 오후,25.991032,66.1603,0
711,2024-09-11,4:41:43 오후,26.018158,66.19647,0
712,2024-09-11,4:41:44 오후,25.987413,66.43157,0
713,2024-09-11,4:41:45 오후,25.991032,66.44604,0
714,2024-09-11,4:41:46 오후,25.97837,66.569016,0
715,2024-09-11,4:41:47 오후,26.010921,66.467735,0
716,2024-09-11,4:41:48 오후,26.005497,66.66305,0
717,2024-09-11,4:41:49 오후,25.998264,66.66667,0
718,2024-09-11,4:41:50 오후,25.996456,66.6956,0
719,2024-09-11,4:41:51 오후,26.010921,66.760704,0
720,2024-09-11,4:41:52 오후,25.991032,66.70645,0
721,2024-09-11,4:41:53 오후,25.98018,66.760704,0
722,2024-09-11,4:41:54 오후,26.010921,66.48944,0
723,2024-09-11,4:41:55 오후,25.972944,66.514755,0
724,2024-09-11,4:41:56 오후,26.016348,66.30859,0
725,2024-09-11,4:41:57 오후,25.97837,66.352,0
726,2024-09-11,4:41:58 오후,25.987413,66.61241,0
727,2024-09-11,4:41:59 오후,25.992838,66.66667,0
728,2024-09-11,4:42:00 오후,26.001879,66.92347,0
729,2024-09-11,4:42:01 오후,26.018158,66.9524,0
730,2024-09-11,4:42:02 오후,25.96933,66.94155,0
731,2024-09-11,4:42:03 오후,26.010921,66.93432,0
732,2024-09-11,4:42:04 오후,25.996456,66.75709,0
733,2024-09-11,4:42:05 오후,26.001879,66.6956,0
734,2024-09-11,4:42:06 오후,25.97837,66.54008,0
735,2024-09-11,4:42:07 오후,26.01454,66.485825,0
736,2024-09-11,4:42:08 오후,26.027199,66.55816,0
737,2024-09-11,4:42:09 오후,25.974754,66.55454,0
738,2024-09-11,4:42:10 오후,25.965712,66.32306,0
739,2024-09-11,4:42:11 오후,26.001879,66.26519,0
740,2024-09-11,4:42:12 오후,26.001879,66.33753,0
741,2024-09-11,4:42:13 오후,25.987413,66.26519,0
742,2024-09-11,4:42:14 오후,26.007307,66.23264,0
743,2024-09-11,4:42:15 오후,25.981987,66.18923,0
744,2024-09-11,4:42:16 오후,26.016348,66.20732,0
745,2024-09-11,4:42:17 오후,25.987413,66.243484,0
746,2024-09-11,4:42:18 오후,26.009115,66.17477,0
747,2024-09-11,4:42:19 오후,25.987413,66.156685,0
748,2024-09-11,4:42:20 오후,26.005497,65.979454,0
749,2024-09-11,4:42:21 오후,26.009115,66.08434,0
750,2024-09-11,4:42:22 오후,25.971138,66.06988,0
751,2024-09-11,4:42:23 오후,25.996456,65.98308,0
752,2024-09-11,4:42:24 오후,25.974754,66.03371,0
753,2024-09-11,4:42:25 오후,26.02539,66.051796,0
754,2024-09-11,4:42:26 오후,25.991032,66.1169,0
755,2024-09-11,4:42:27 오후,25.987413,66.1169,0
756,2024-09-11,4:42:28 오후,25.972944,66.12413,0
757,2024-09-11,4:42:29 오후,26.01454,66.12775,0
758,2024-09-11,4:42:30 오후,26.005497,66.06988,0
759,2024-09-11,4:42:31 오후,26.010921,66.01201,0
760,2024-09-11,4:42:32 오후,25.991032,66.03733,0
761,2024-09-11,4:42:33 오후,26.016348,66.015625,0
762,2024-09-11,4:42:34 오후,25.97837,66.05541,0
763,2024-09-11,4:42:35 오후,26.009115,66.00116,0
764,2024-09-11,4:42:36 오후,25.992838,65.957756,0
765,2024-09-11,4:42:37 오후,25.991032,65.88542,0
766,2024-09-11,4:42:38 오후,26.023582,65.85648,0
767,2024-09-11,4:42:39 오후,25.989223,65.780525,0
768,2024-09-11,4:42:40 오후,26.01454,65.85648,0
769,2024-09-11,4:42:41 오후,25.992838,65.81308,0
770,2024-09-11,4:42:42 오후,26.009115,65.85286,0
771,2024-09-11,4:42:43 오후,25.97837,65.845634,0
772,2024-09-11,4:42:44 오후,26.083261,65.76606,0
773,2024-09-11,4:42:45 오후,26.038052,65.85286,0
774,2024-09-11,4:42:46 오후,25.983795,65.87095,0
775,2024-09-11,4:42:47 오후,25.98018,65.827545,0
776,2024-09-11,4:42:48 오후,26.005497,65.47671,0
777,2024-09-11,4:42:49 오후,26.018158,65.50202,0
778,2024-09-11,4:42:50 오후,26.001879,65.48394,0
779,2024-09-11,4:42:51 오후,26.018158,65.469475,0
780,2024-09-11,4:42:52 오후,25.95486,65.45501,0
781,2024-09-11,4:42:53 오후,25.98018,65.404366,0
782,2024-09-11,4:42:54 오후,26.092302,65.43692,0
783,2024-09-11,4:42:55 오후,26.052517,65.44054,0
784,2024-09-11,4:42:56 오후,26.001879,65.20544,0
785,2024-09-11,4:42:57 오후,25.989223,65.25246,0
786,2024-09-11,4:42:58 오후,26.045284,65.1114,0
787,2024-09-11,4:42:59 오후,26.08688,65.14395,0
788,2024-09-11,4:43:00 오후,26.023582,65.223526,0
789,2024-09-11,4:43:01 오후,25.998264,65.18374,0
790,2024-09-11,4:43:02 오후,25.97837,65.14395,0
791,2024-09-11,4:43:03 오후,25.996456,65.10417,0
792,2024-09-11,4:43:04 오후,26.083261,65.0246,0
793,2024-09-11,4:43:05 오후,26.050707,65.04991,0
794,2024-09-11,4:43:06 오후,26.0706,64.8763,0
795,2024-09-11,4:43:07 오후,26.081451,64.91247,0
796,2024-09-11,4:43:08 오후,26.083261,65.01374,0
797,2024-09-11,4:43:09 오후,26.061558,65.03183,0
798,2024-09-11,4:43:10 오후,26.07241,65.093315,0
799,2024-09-11,4:43:11 오후,26.09592,65.169266,0
800,2024-09-11,4:43:12 오후,26.052517,65.08608,0
801,2024-09-11,4:43:13 오후,26.079643,65.140335,0
802,2024-09-11,4:43:14 오후,26.047092,65.11501,0
803,2024-09-11,4:43:15 오후,26.090494,65.10778,0
804,2024-09-11,4:43:16 오후,25.989223,64.97758,0
805,2024-09-11,4:43:17 오후,26.023582,64.99566,0
806,2024-09-11,4:43:18 오후,25.98018,65.158424,0
807,2024-09-11,4:43:19 오후,25.996456,65.09693,0
808,2024-09-11,4:43:20 오후,26.065176,65.25608,0
809,2024-09-11,4:43:21 오후,26.047092,65.21991,0
810,2024-09-11,4:43:22 오후,26.08688,65.14395,0
811,2024-09-11,4:43:23 오후,26.07241,65.16566,0
812,2024-09-11,4:43:24 오후,26.08688,65.12587,0
813,2024-09-11,4:43:25 오후,26.050707,65.09693,0
814,2024-09-11,4:43:26 오후,26.081451,64.98843,0
815,2024-09-11,4:43:27 오후,26.081451,64.98843,0
816,2024-09-11,4:43:28 오후,26.0706,64.970345,0
817,2024-09-11,4:43:29 오후,26.074219,65.04991,0
818,2024-09-11,4:43:30 오후,26.047092,65.10778,0
819,2024-09-11,4:43:31 오후,26.088688,65.140335,0
820,2024-09-11,4:43:32 오후,26.074219,65.25246,0
821,2024-09-11,4:43:33 오후,26.047092,65.23076,0
822,2024-09-11,4:43:34 오후,26.023582,64.98481,0
823,2024-09-11,4:43:35 오후,25.974754,65.057144,0
824,2024-09-11,4:43:36 오후,26.090494,64.89439,0
825,2024-09-11,4:43:37 오후,26.056135,64.94864,0
826,2024-09-11,4:43:38 오후,26.063368,64.91247,0
827,2024-09-11,4:43:39 오후,26.077837,64.898,0
828,2024-09-11,4:43:40 오후,26.054325,65.03183,0
829,2024-09-11,4:43:41 오후,26.081451,64.98481,0
830,2024-09-11,4:43:42 오후,25.974754,64.95949,0
831,2024-09-11,4:43:43 오후,25.991032,64.8763,0
832,2024-09-11,4:43:44 오후,26.090494,64.80758,0
833,2024-09-11,4:43:45 오후,26.050707,64.82567,0
834,2024-09-11,4:43:46 오후,26.08688,64.77864,0
835,2024-09-11,4:43:47 오후,26.077837,64.83652,0
836,2024-09-11,4:43:48 오후,26.043474,64.680984,0
837,2024-09-11,4:43:49 오후,26.068794,64.5978,0
838,2024-09-11,4:43:50 오후,26.065176,64.67014,0
839,2024-09-11,4:43:51 오후,26.054325,64.6195,0
840,2024-09-11,4:43:52 오후,26.081451,64.735245,0
841,2024-09-11,4:43:53 오후,26.08688,64.73163,0
842,2024-09-11,4:43:54 오후,26.05975,64.86183,0
843,2024-09-11,4:43:55 오후,26.068794,64.85098,0
844,2024-09-11,4:43:56 오후,26.043474,64.93417,0
845,2024-09-11,4:43:57 오후,26.092302,64.91247,0
846,2024-09-11,4:43:58 오후,26.063368,64.96311,0
847,2024-09-11,4:43:59 오후,26.052517,64.952255,0
848,2024-09-11,4:44:00 오후,26.05975,64.782265,0
849,2024-09-11,4:44:01 오후,26.063368,64.77864,0
850,2024-09-11,4:44:02 오후,26.061558,64.85098,0
851,2024-09-11,4:44:03 오후,26.07241,64.78588,0
852,2024-09-11,4:44:04 오후,26.0706,64.85098,0
853,2024-09-11,4:44:05 오후,26.047092,64.7895,0
854,2024-09-11,4:44:06 오후,26.083261,64.605034,0
855,2024-09-11,4:44:07 오후,26.065176,64.680984,0
856,2024-09-11,4:44:08 오후,26.083261,64.6195,0
857,2024-09-11,4:44:09 오후,26.08688,64.623116,0
858,2024-09-11,4:44:10 오후,26.050707,64.69907,0
859,2024-09-11,4:44:11 오후,26.065176,64.6629,0
860,2024-09-11,4:44:12 오후,26.074219,64.45674,0
861,2024-09-11,4:44:13 오후,26.043474,64.442276,0
862,2024-09-11,4:44:14 오후,26.090494,64.547165,0
863,2024-09-11,4:44:15 오후,26.047092,64.56525,0
864,2024-09-11,4:44:16 오후,26.088688,64.60865,0
865,2024-09-11,4:44:17 오후,26.050707,64.688225,0
866,2024-09-11,4:44:18 오후,26.050707,64.688225,0
867,2024-09-11,4:44:19 오후,26.081451,64.56525,0
868,2024-09-11,4:44:20 오후,26.0706,64.3627,0
869,2024-09-11,4:44:21 오후,26.05975,64.46036,0
870,2024-09-11,4:44:22 오후,26.056135,64.55078,0
871,2024-09-11,4:44:23 오후,26.088688,64.55078,0
872,2024-09-11,4:44:24 오후,26.08688,64.641205,0
873,2024-09-11,4:44:25 오후,26.08688,64.605034,0
874,2024-09-11,4:44:26 오후,26.074219,64.680984,0
875,2024-09-11,4:44:27 오후,26.052517,64.623116,0
876,2024-09-11,4:44:28 오후,26.081451,64.6629,0
877,2024-09-11,4:44:29 오후,26.056135,64.65567,0
878,2024-09-11,4:44:30 오후,26.083261,64.500145,0
879,2024-09-11,4:44:31 오후,26.054325,64.54355,0
880,2024-09-11,4:44:32 오후,26.083261,64.46036,0
881,2024-09-11,4:44:33 오후,26.043474,64.453125,0
882,2024-09-11,4:44:34 오후,26.083261,64.27228,0
883,2024-09-11,4:44:35 오후,26.088688,64.3193,0
884,2024-09-11,4:44:36 오후,26.088688,64.301216,0
885,2024-09-11,4:44:37 오후,26.05975,64.3627,0
886,2024-09-11,4:44:38 오후,26.063368,64.301216,0
887,2024-09-11,4:44:39 오후,26.088688,64.348236,0
888,2024-09-11,4:44:40 오후,25.97837,64.08058,0
889,2024-09-11,4:44:41 오후,26.019966,64.09867,0
890,2024-09-11,4:44:42 오후,25.998264,64.040794,0
891,2024-09-11,4:44:43 오후,26.009115,63.957607,0
892,2024-09-11,4:44:44 오후,26.018158,64.24335,0
893,2024-09-11,4:44:45 오후,25.97837,64.1927,0
894,2024-09-11,4:44:46 오후,26.07241,64.29398,0
895,2024-09-11,4:44:47 오후,26.041666,64.32653,0
896,2024-09-11,4:44:48 오후,26.079643,64.33376,0
897,2024-09-11,4:44:49 오후,26.052517,64.33376,0
898,2024-09-11,4:44:50 오후,26.079643,64.20718,0
899,2024-09-11,4:44:51 오후,26.054325,64.24696,0
900,2024-09-11,4:44:52 오후,25.981987,64.08058,0
901,2024-09-11,4:44:53 오후,26.023582,64.06612,0
902,2024-09-11,4:44:54 오후,25.991032,64.24335,0
903,2024-09-11,4:44:55 오후,25.972944,64.1927,0
904,2024-09-11,4:44:56 오후,25.996456,64.08058,0
905,2024-09-11,4:44:57 오후,26.000074,64.134834,0
906,2024-09-11,4:44:58 오후,25.972944,63.935905,0
907,2024-09-11,4:44:59 오후,26.009115,63.91421,0
908,2024-09-11,4:45:00 오후,26.01454,64.048035,0
909,2024-09-11,4:45:01 오후,25.981987,64.02271,0
910,2024-09-11,4:45:02 오후,26.009115,64.04442,0
911,2024-09-11,4:45:03 오후,25.972944,64.00463,0
912,2024-09-11,4:45:04 오후,26.001879,64.07335,0
913,2024-09-11,4:45:05 오후,25.983795,63.975693,0
914,2024-09-11,4:45:06 오후,25.996456,64.00825,0
915,2024-09-11,4:45:07 오후,25.965712,64.02271,0
916,2024-09-11,4:45:08 오후,26.016348,63.73698,0
917,2024-09-11,4:45:09 오후,25.998264,63.704426,0
918,2024-09-11,4:45:10 오후,26.018158,63.621243,0
919,2024-09-11,4:45:11 오후,25.97837,63.610386,0
920,2024-09-11,4:45:12 오후,25.97837,63.697197,0
921,2024-09-11,4:45:13 오후,26.018158,63.722507,0
922,2024-09-11,4:45:14 오후,25.97837,63.697197,0
923,2024-09-11,4:45:15 오후,26.007307,63.700813,0
924,2024-09-11,4:45:16 오후,25.992838,63.823784,0
925,2024-09-11,4:45:17 오후,25.981987,63.812935,0
926,2024-09-11,4:45:18 오후,26.010921,63.639324,0
927,2024-09-11,4:45:19 오후,25.991032,63.592304,0
928,2024-09-11,4:45:20 오후,26.018158,63.60677,0
929,2024-09-11,4:45:21 오후,25.998264,63.639324,0
930,2024-09-11,4:45:22 오후,25.992838,63.791233,0
931,2024-09-11,4:45:23 오후,26.007307,63.867188,0
932,2024-09-11,4:45:24 오후,26.010921,63.794853,0
933,2024-09-11,4:45:25 오후,26.016348,63.83825,0
934,2024-09-11,4:45:26 오후,25.98018,63.68634,0
935,2024-09-11,4:45:27 오후,26.005497,63.711662,0
936,2024-09-11,4:45:28 오후,25.972944,63.53443,0
937,2024-09-11,4:45:29 오후,26.018158,63.541668,0
938,2024-09-11,4:45:30 오후,25.996456,63.541668,0
939,2024-09-11,4:45:31 오후,25.981987,63.465714,0
940,2024-09-11,4:45:32 오후,26.019966,63.415073,0
941,2024-09-11,4:45:33 오후,25.996456,63.37529,0
942,2024-09-11,4:45:34 오후,26.005497,63.321037,0
943,2024-09-11,4:45:35 오후,25.987413,63.288486,0
944,2024-09-11,4:45:36 오후,26.01454,63.523586,0
945,2024-09-11,4:45:37 오후,25.989223,63.548897,0
946,2024-09-11,4:45:38 오후,25.996456,63.458477,0
947,2024-09-11,4:45:39 오후,26.007307,63.458477,0
948,2024-09-11,4:45:40 오후,25.991032,63.386143,0
949,2024-09-11,4:45:41 오후,25.974754,63.43316,0
950,2024-09-11,4:45:42 오후,25.981987,63.266785,0
951,2024-09-11,4:45:43 오후,26.023582,63.277634,0
952,2024-09-11,4:45:44 오후,25.983795,63.306572,0
953,2024-09-11,4:45:45 오후,26.001879,63.2704,0
954,2024-09-11,4:45:46 오후,25.998264,63.245083,0
955,2024-09-11,4:45:47 오후,26.01454,63.179977,0
956,2024-09-11,4:45:48 오후,26.019966,63.216145,0
957,2024-09-11,4:45:49 오후,25.987413,63.176357,0
958,2024-09-11,4:45:50 오후,25.983795,63.335503,0
959,2024-09-11,4:45:51 오후,26.016348,63.2704,0
960,2024-09-11,4:45:52 오후,25.974754,63.368057,0
961,2024-09-11,4:45:53 오후,26.009115,63.306572,0
962,2024-09-11,4:45:54 오후,25.989223,63.16913,0
963,2024-09-11,4:45:55 오후,26.023582,63.216145,0
964,2024-09-11,4:45:56 오후,25.974754,63.11849,0
965,2024-09-11,4:45:57 오후,26.000074,63.161892,0
966,2024-09-11,4:45:58 오후,25.971138,63.10764,0
967,2024-09-11,4:45:59 오후,26.018158,63.161892,0
968,2024-09-11,4:46:00 오후,25.965712,63.16913,0
969,2024-09-11,4:46:01 오후,26.02539,63.226997,0
970,2024-09-11,4:46:02 오후,25.981987,63.226997,0
971,2024-09-11,4:46:03 오후,26.01454,63.19083,0
972,2024-09-11,4:46:04 오후,25.983795,63.22338,0
973,2024-09-11,4:46:05 오후,25.97837,63.18721,0
974,2024-09-11,4:46:06 오후,26.007307,63.230618,0
975,2024-09-11,4:46:07 오후,25.974754,63.18721,0
976,2024-09-11,4:46:08 오후,26.01454,63.172745,0
977,2024-09-11,4:46:09 오후,25.97837,63.151043,0
978,2024-09-11,4:46:10 오후,26.027199,63.114876,0
979,2024-09-11,4:46:11 오후,25.974754,63.10764,0
980,2024-09-11,4:46:12 오후,26.02539,62.919563,0
981,2024-09-11,4:46:13 오후,25.98018,62.95573,0
982,2024-09-11,4:46:14 오후,26.016348,62.944878,0
983,2024-09-11,4:46:15 오후,25.971138,62.93403,0
984,2024-09-11,4:46:16 오후,26.018158,63.042534,0
985,2024-09-11,4:46:17 오후,25.992838,63.053387,0
986,2024-09-11,4:46:18 오후,25.972944,62.879776,0
987,2024-09-11,4:46:19 오후,26.016348,62.926792,0
988,2024-09-11,4:46:20 오후,26.005497,62.811054,0
989,2024-09-11,4:46:21 오후,26.000074,62.850838,0
990,2024-09-11,4:46:22 오후,25.962093,62.88339,0
991,2024-09-11,4:46:23 오후,25.972944,62.970196,0
992,2024-09-11,4:46:24 오후,25.992838,62.901474,0
993,2024-09-11,4:46:25 오후,25.972944,62.952114,0
994,2024-09-11,4:46:26 오후,26.010921,63.01722,0
995,2024-09-11,4:46:27 오후,26.019966,63.009983,0
996,2024-09-11,4:46:28 오후,26.007307,63.08232,0
997,2024-09-11,4:46:29 오후,25.98018,63.143806,0
998,2024-09-11,4:46:30 오후,26.02539,62.944878,0
999,2024-09-11,4:46:31 오후,25.987413,62.970196,0
1000,2024-09-11,4:46:32 오후,26.016348,62.98828,0
1001,2024-09-11,4:46:33 오후,25.998264,63.100403,0
1002,2024-09-11,4:46:34 오후,26.023582,63.085938,0
1003,2024-09-11,4:46:35 오후,26.005497,63.176357,0
1004,2024-09-11,4:46:36 오후,25.962093,62.89786,0
1005,2024-09-11,4:46:37 오후,25.924116,62.93765,0
1006,2024-09-11,4:46:38 오후,25.942204,62.95573,0
1007,2024-09-11,4:46:39 오후,25.925926,62.941257,0
1008,2024-09-11,4:46:40 오후,25.965712,62.81829,0
1009,2024-09-11,4:46:41 오후,25.924116,62.868923,0
1010,2024-09-11,4:46:42 오후,25.956669,62.7568,0
1011,2024-09-11,4:46:43 오후,25.920502,62.691696,0
1012,2024-09-11,4:46:44 오후,25.971138,62.76403,0
1013,2024-09-11,4:46:45 오후,25.933159,62.84722,0
1014,2024-09-11,4:46:46 오후,25.965712,62.774883,0
1015,2024-09-11,4:46:47 오후,25.951246,62.78212,0
1016,2024-09-11,4:46:48 오후,25.962093,62.807434,0
1017,2024-09-11,4:46:49 오후,25.927734,62.811054,0
1018,2024-09-11,4:46:50 오후,25.963902,62.832756,0
1019,2024-09-11,4:46:51 오후,25.920502,62.84722,0
1020,2024-09-11,4:46:52 오후,25.95305,62.811054,0
1021,2024-09-11,4:46:53 오후,25.920502,62.93403,0
1022,2024-09-11,4:46:54 오후,25.920502,62.93403,0
1023,2024-09-11,4:46:55 오후,25.924116,62.81829,0
1024,2024-09-11,4:46:56 오후,25.95486,62.738716,0
1025,2024-09-11,4:46:57 오후,25.94401,62.76403,0
1026,2024-09-11,4:46:58 오후,25.951246,62.688076,0
1027,2024-09-11,4:46:59 오후,25.95486,62.7351,0
1028,2024-09-11,4:47:00 오후,25.942204,62.70616,0
1029,2024-09-11,4:47:01 오후,25.934967,62.829136,0
1030,2024-09-11,4:47:02 오후,25.918692,62.796585,0
1031,2024-09-11,4:47:03 오후,25.962093,62.807434,0
1032,2024-09-11,4:47:04 오후,25.918692,62.926792,0
1033,2024-09-11,4:47:05 오후,25.956669,62.890625,0
1034,2024-09-11,4:47:06 오후,25.927734,62.926792,0
1035,2024-09-11,4:47:07 오후,25.965712,63.085938,0
1036,2024-09-11,4:47:08 오후,25.934967,63.245083,0
1037,2024-09-11,4:47:09 오후,25.96933,63.216145,0
1038,2024-09-11,4:47:10 오후,25.915073,63.212532,0
1039,2024-09-11,4:47:11 오후,25.945818,63.205296,0
1040,2024-09-11,4:47:12 오후,25.924116,63.18721,0
1041,2024-09-11,4:47:13 오후,25.962093,63.161892,0
1042,2024-09-11,4:47:14 오후,25.934967,63.122105,0
1043,2024-09-11,4:47:15 오후,25.934967,63.122105,0
1044,2024-09-11,4:47:16 오후,25.945818,63.10764,0
1045,2024-09-11,4:47:17 오후,25.929543,63.179977,0
1046,2024-09-11,4:47:18 오후,25.956669,63.4838,0
1047,2024-09-11,4:47:19 오후,25.936777,63.559753,0
1048,2024-09-11,4:47:20 오후,25.960287,63.541668,0
1049,2024-09-11,4:47:21 오후,25.942204,63.711662,0
1050,2024-09-11,4:47:22 오후,25.960287,63.85634,0
1051,2024-09-11,4:47:23 오후,25.929543,63.874424,0
1052,2024-09-11,4:47:24 오후,25.947628,63.85995,0
1053,2024-09-11,4:47:25 오후,25.933159,63.98293,0
1054,2024-09-11,4:47:26 오후,25.960287,63.95038,0
1055,2024-09-11,4:47:27 오후,25.924116,64.02633,0
1056,2024-09-11,4:47:28 오후,25.936777,64.2976,0
1057,2024-09-11,4:47:29 오후,25.963902,64.348236,0
1058,2024-09-11,4:47:30 오후,25.925926,64.2976,0
1059,2024-09-11,4:47:31 오후,25.956669,64.74971,0
1060,2024-09-11,4:47:32 오후,25.962093,64.688225,0
1061,2024-09-11,4:47:33 오후,25.920502,64.8546,0
1062,2024-09-11,4:47:34 오후,25.951246,64.782265,0
1063,2024-09-11,4:47:35 오후,25.934967,64.898,0
1064,2024-09-11,4:47:36 오후,25.933159,64.87992,0
1065,2024-09-11,4:47:37 오후,25.929543,65.12225,0
1066,2024-09-11,4:47:38 오후,25.963902,65.30309,0
1067,2024-09-11,4:47:39 오후,25.925926,65.375435,0
1068,2024-09-11,4:47:40 오후,25.95486,65.36458,0
1069,2024-09-11,4:47:41 오후,25.925926,65.422455,0
1070,2024-09-11,4:47:42 오후,25.96933,65.433304,0
1071,2024-09-11,4:47:43 오후,25.96933,65.433304,0
1072,2024-09-11,4:47:44 오후,25.962093,65.47671,0
1073,2024-09-11,4:47:45 오후,25.938585,65.61777,0
1074,2024-09-11,4:47:46 오후,25.942204,65.65755,0
1075,2024-09-11,4:47:47 오후,25.933159,65.56713,0
1076,2024-09-11,4:47:48 오후,25.971138,65.57798,0
1077,2024-09-11,4:47:49 오후,25.934967,65.77691,0
1078,2024-09-11,4:47:50 오후,25.951246,65.863716,0
1079,2024-09-11,4:47:51 오후,25.960287,65.80223,0
1080,2024-09-11,4:47:52 오후,25.924116,65.84925,0
1081,2024-09-11,4:47:53 오후,25.960287,66.01924,0
1082,2024-09-11,4:47:54 오후,25.929543,66.04456,0
1083,2024-09-11,4:47:55 오후,25.918692,66.051796,0
1084,2024-09-11,4:47:56 오후,25.956669,65.99754,0
1085,2024-09-11,4:47:57 오후,25.90965,65.957756,0
1086,2024-09-11,4:47:58 오후,25.920502,65.90712,0
1087,2024-09-11,4:47:59 오후,25.927734,65.94691,0
1088,2024-09-11,4:48:00 오후,25.965712,65.91797,0
1089,2024-09-11,4:48:01 오후,25.918692,65.92882,0
1090,2024-09-11,4:48:02 오후,25.947628,65.99392,0
1091,2024-09-11,4:48:03 오후,25.94401,66.073494,0
1092,2024-09-11,4:48:04 오후,25.965712,65.93605,0
1093,2024-09-11,4:48:05 오후,25.938585,65.88903,0
1094,2024-09-11,4:48:06 오후,25.938585,65.957756,0
1095,2024-09-11,4:48:07 오후,25.956669,65.89265,0
1096,2024-09-11,4:48:08 오후,25.934967,65.957756,0
1097,2024-09-11,4:48:09 오후,25.971138,66.19647,0
1098,2024-09-11,4:48:10 오후,25.927734,66.18923,0
1099,2024-09-11,4:48:11 오후,25.956669,66.45327,0
1100,2024-09-11,4:48:12 오후,25.933159,66.40625,0
1101,2024-09-11,4:48:13 오후,25.965712,66.6305,0
1102,2024-09-11,4:48:14 오후,25.95486,66.66305,0
1103,2024-09-11,4:48:15 오후,25.924116,66.626884,0
1104,2024-09-11,4:48:16 오후,25.94401,66.6522,0
1105,2024-09-11,4:48:17 오후,25.934967,66.59071,0
1106,2024-09-11,4:48:18 오후,25.934967,66.644966,0
1107,2024-09-11,4:48:19 오후,25.934967,66.7173,0
1108,2024-09-11,4:48:20 오후,25.918692,66.68837,0
1109,2024-09-11,4:48:21 오후,25.956669,66.93432,0
1110,2024-09-11,4:48:22 오후,25.942204,66.91985,0
1111,2024-09-11,4:48:23 오후,25.95486,66.984955,0
1112,2024-09-11,4:48:24 오후,25.95486,66.99219,0
1113,2024-09-11,4:48:25 오후,25.95305,66.786026,0
1114,2024-09-11,4:48:26 오후,25.934967,66.68475,0
1115,2024-09-11,4:48:27 오후,25.960287,66.59433,0
1116,2024-09-11,4:48:28 오후,25.942204,66.5871,0
1117,2024-09-11,4:48:29 오후,25.956669,66.75347,0
1118,2024-09-11,4:48:30 오후,25.916883,66.74262,0
1119,2024-09-11,4:48:31 오후,25.947628,66.77517,0
1120,2024-09-11,4:48:32 오후,25.965712,66.713684,0
1121,2024-09-11,4:48:33 오후,25.96933,66.61241,0
1122,2024-09-11,4:48:34 오후,25.929543,66.61241,0
1123,2024-09-11,4:48:35 오후,25.95486,66.77155,0
1124,2024-09-11,4:48:36 오후,25.94401,66.69922,0
1125,2024-09-11,4:48:37 오후,25.956669,66.75709,0
1126,2024-09-11,4:48:38 오후,25.927734,66.702835,0
1127,2024-09-11,4:48:39 오후,25.947628,66.75709,0
1128,2024-09-11,4:48:40 오후,25.920502,66.739006,0
1129,2024-09-11,4:48:41 오후,25.956669,66.86559,0
1130,2024-09-11,4:48:42 오후,25.924116,66.91624,0
1131,2024-09-11,4:48:43 오후,25.963902,67.03921,0
1132,2024-09-11,4:48:44 오후,25.934967,66.99219,0
1133,2024-09-11,4:48:45 오후,25.965712,67.11878,0
1134,2024-09-11,4:48:46 오후,25.925926,67.14771,0
1135,2024-09-11,4:48:47 오후,25.929543,67.22729,0
1136,2024-09-11,4:48:48 오후,25.924116,67.22005,0
1137,2024-09-11,4:48:49 오후,25.963902,67.19112,0
1138,2024-09-11,4:48:50 오후,25.927734,67.2309,0
1139,2024-09-11,4:48:51 오후,25.971138,67.11155,0
1140,2024-09-11,4:48:52 오후,25.916883,67.12963,0
1141,2024-09-11,4:48:53 오후,25.96933,67.19112,0
1142,2024-09-11,4:48:54 오후,25.936777,67.248985,0
1143,2024-09-11,4:48:55 오후,25.96933,67.63961,0
1144,2024-09-11,4:48:56 오후,25.960287,67.59259,0
1145,2024-09-11,4:48:57 오후,25.965712,67.842155,0
1146,2024-09-11,4:48:58 오후,25.956669,67.860245,0
1147,2024-09-11,4:48:59 오후,25.95486,68.14236,0
1148,2024-09-11,4:49:00 오후,25.945818,68.11343,0
1316,2024-09-12,9:49:24 오전,25.880714,65.45501,0
1317,2024-09-12,9:49:25 오전,25.882524,65.45139,0
1318,2024-09-12,9:49:26 오전,25.956669,65.47671,0
1319,2024-09-12,9:49:27 오전,25.963902,65.50564,0
1320,2024-09-12,9:49:28 오전,25.94401,65.53096,0
1321,2024-09-12,9:49:29 오전,25.965712,65.47671,0
1322,2024-09-12,9:49:30 오전,25.945818,65.3682,0
1323,2024-09-12,9:49:31 오전,25.929543,65.33203,0
1324,2024-09-12,9:49:32 오전,25.933159,65.310326,0
1325,2024-09-12,9:49:33 오전,25.938585,65.29586,0
1326,2024-09-12,9:49:34 오전,25.920502,65.09693,0
1327,2024-09-12,9:49:35 오전,25.965712,65.129486,0
1328,2024-09-12,9:49:36 오전,25.972944,65.198204,0
1329,2024-09-12,9:49:37 오전,25.945818,65.198204,0
1330,2024-09-12,9:49:38 오전,25.942204,65.21629,0
1331,2024-09-12,9:49:39 오전,25.963902,65.234375,0
1332,2024-09-12,9:49:40 오전,25.965712,65.1331,0
1333,2024-09-12,9:49:41 오전,25.920502,65.158424,0
1334,2024-09-12,9:49:42 오전,25.962093,65.00289,0
1335,2024-09-12,9:49:43 오전,25.963902,64.99566,0
1336,2024-09-12,9:49:44 오전,25.925926,65.12225,0
1337,2024-09-12,9:49:45 오전,25.933159,65.12225,0
1338,2024-09-12,9:49:46 오전,25.965712,65.0897,0
1339,2024-09-12,9:49:47 오전,25.971138,65.11501,0
1340,2024-09-12,9:49:48 오전,25.938585,65.09693,0
1341,2024-09-12,9:49:49 오전,25.920502,65.176506,0
1342,2024-09-12,9:49:50 오전,25.945818,65.08608,0
1343,2024-09-12,9:49:51 오전,25.936777,65.1331,0
1344,2024-09-12,9:49:52 오전,25.933159,65.09693,0
1345,2024-09-12,9:49:53 오전,25.971138,65.14757,0
1346,2024-09-12,9:49:54 오전,25.945818,65.3682,0
1347,2024-09-12,9:49:55 오전,25.924116,65.328415,0
1348,2024-09-12,9:49:56 오전,25.951246,65.35735,0
1349,2024-09-12,9:49:57 오전,25.945818,65.36458,0
1350,2024-09-12,9:49:58 오전,25.934967,65.16566,0
1351,2024-09-12,9:49:59 오전,25.945818,65.19459,0
1352,2024-09-12,9:50:00 오전,25.971138,65.31395,0
1353,2024-09-12,9:50:01 오전,25.962093,65.3465,0
1354,2024-09-12,9:50:02 오전,25.95305,65.39714,0
1355,2024-09-12,9:50:03 오전,25.947628,65.458626,0
1356,2024-09-12,9:50:04 오전,25.956669,65.4948,0
1357,2024-09-12,9:50:05 오전,25.963902,65.46586,0
1358,2024-09-12,9:50:06 오전,25.956669,65.44054,0
1359,2024-09-12,9:50:07 오전,25.936777,65.469475,0
1360,2024-09-12,9:50:08 오전,25.963902,65.52734,0
1361,2024-09-12,9:50:09 오전,25.95486,65.52734,0
1362,2024-09-12,9:50:10 오전,25.891567,65.41884,0
1363,2024-09-12,9:50:11 오전,25.85178,65.422455,0
1364,2024-09-12,9:50:12 오전,25.929543,65.46586,0
1365,2024-09-12,9:50:13 오전,25.94401,65.56713,0
1366,2024-09-12,9:50:14 오전,25.942204,65.603294,0
1367,2024-09-12,9:50:15 오전,25.945818,65.57436,0
1368,2024-09-12,9:50:16 오전,25.951246,65.47309,0
1369,2024-09-12,9:50:17 오전,25.942204,65.50926,0
1370,2024-09-12,9:50:18 오전,25.936777,65.7552,0
1371,2024-09-12,9:50:19 오전,25.933159,65.72989,0
1372,2024-09-12,9:50:20 오전,25.936777,65.57798,0
1373,2024-09-12,9:50:21 오전,25.971138,65.58521,0
1374,2024-09-12,9:50:22 오전,25.956669,65.404366,0
1375,2024-09-12,9:50:23 오전,25.951246,65.458626,0
1376,2024-09-12,9:50:24 오전,25.934967,65.48394,0
1377,2024-09-12,9:50:25 오전,25.956669,65.44777,0
1378,2024-09-12,9:50:26 오전,25.924116,65.339264,0
1379,2024-09-12,9:50:27 오전,25.934967,65.310326,0
1380,2024-09-12,9:50:28 오전,25.927734,65.3465,0
1381,2024-09-12,9:50:29 오전,25.947628,65.3465,0
1382,2024-09-12,9:50:30 오전,25.925926,65.14395,0
1383,2024-09-12,9:50:31 오전,25.927734,65.12587,0
1384,2024-09-12,9:50:32 오전,25.962093,64.952255,0
1385,2024-09-12,9:50:33 오전,25.936777,64.94864,0
1386,2024-09-12,9:50:34 오전,25.933159,65.0246,0
1387,2024-09-12,9:50:35 오전,25.933159,64.999275,0
1388,2024-09-12,9:50:36 오전,25.920502,65.02098,0
1389,2024-09-12,9:50:37 오전,25.924116,64.999275,0
1390,2024-09-12,9:50:38 오전,25.945818,65.04991,0
1391,2024-09-12,9:50:39 오전,25.95305,64.999275,0
1392,2024-09-12,9:50:40 오전,25.924116,65.129486,0
1393,2024-09-12,9:50:41 오전,25.963902,65.14757,0
1394,2024-09-12,9:50:42 오전,25.960287,64.91247,0
1395,2024-09-12,9:50:43 오전,25.936777,64.8763,0
1396,2024-09-12,9:50:44 오전,25.971138,64.94141,0
1397,2024-09-12,9:50:45 오전,25.94401,64.87992,0
1398,2024-09-12,9:50:46 오전,25.94401,64.8546,0
1399,2024-09-12,9:50:47 오전,25.925926,64.82567,0
1400,2024-09-12,9:50:48 오전,25.95305,64.6629,0
1401,2024-09-12,9:50:49 오전,25.974754,64.65929,0
1402,2024-09-12,9:50:50 오전,25.94401,64.72439,0
1403,2024-09-12,9:50:51 오전,25.963902,64.69546,0
1404,2024-09-12,9:50:52 오전,25.962093,64.80758,0
1405,2024-09-12,9:50:53 오전,25.920502,64.80758,0
1406,2024-09-12,9:50:54 오전,25.95305,64.771416,0
1407,2024-09-12,9:50:55 오전,25.925926,64.83652,0
1408,2024-09-12,9:50:56 오전,25.911459,64.95949,0
1409,2024-09-12,9:50:57 오전,25.918692,64.89077,0
1410,2024-09-12,9:50:58 오전,25.936777,64.87269,0
1411,2024-09-12,9:50:59 오전,25.95305,64.80396,0
1412,2024-09-12,9:51:00 오전,25.95486,64.67014,0
1413,2024-09-12,9:51:01 오전,25.934967,64.74609,0
1414,2024-09-12,9:51:02 오전,25.945818,64.75333,0
1415,2024-09-12,9:51:03 오전,25.925926,64.70631,0
1416,2024-09-12,9:51:04 오전,25.864437,64.81481,0
1417,2024-09-12,9:51:05 오전,25.891567,64.7895,0
1418,2024-09-12,9:51:06 오전,25.929543,64.8546,0
1419,2024-09-12,9:51:07 오전,25.94401,64.83652,0
1420,2024-09-12,9:51:08 오전,25.925926,64.74971,0
1421,2024-09-12,9:51:09 오전,25.963902,64.641205,0
1422,2024-09-12,9:51:10 오전,25.94401,64.7895,0
1423,2024-09-12,9:51:11 오전,25.965712,64.80035,0
1424,2024-09-12,9:51:12 오전,25.942204,64.8546,0
1425,2024-09-12,9:51:13 오전,25.960287,64.93056,0
1426,2024-09-12,9:51:14 오전,25.934967,64.90886,0
1427,2024-09-12,9:51:15 오전,25.960287,64.89077,0
1428,2024-09-12,9:51:16 오전,25.933159,64.76056,0
1429,2024-09-12,9:51:17 오전,25.96933,64.677376,0
1430,2024-09-12,9:51:18 오전,25.857204,64.67376,0
1431,2024-09-12,9:51:19 오전,25.866245,64.677376,0
1432,2024-09-12,9:51:20 오전,25.97837,64.62673,0
1433,2024-09-12,9:51:21 오전,25.972944,64.65567,0
1434,2024-09-12,9:51:22 오전,25.94401,64.510994,0
1435,2024-09-12,9:51:23 오전,25.938585,64.5978,0
1436,2024-09-12,9:51:24 오전,25.95486,64.605034,0
1437,2024-09-12,9:51:25 오전,25.920502,64.6629,0
1438,2024-09-12,9:51:26 오전,25.95486,64.60142,0
1439,2024-09-12,9:51:27 오전,25.938585,64.641205,0
1440,2024-09-12,9:51:28 오전,25.960287,64.406105,0
1441,2024-09-12,9:51:29 오전,25.962093,64.42058,0
1442,2024-09-12,9:51:30 오전,25.972944,64.4278,0
1443,2024-09-12,9:51:31 오전,25.925926,64.46036,0
1444,2024-09-12,9:51:32 오전,25.857204,64.45674,0
1445,2024-09-12,9:51:33 오전,25.869864,64.39164,0
1446,2024-09-12,9:51:34 오전,25.929543,64.23611,0
1447,2024-09-12,9:51:35 오전,25.95486,64.18186,0
1448,2024-09-12,9:51:36 오전,25.96933,64.22164,0
1449,2024-09-12,9:51:37 오전,25.916883,64.1927,0
1450,2024-09-12,9:51:38 오전,25.88433,64.3627,0
1451,2024-09-12,9:51:39 오전,25.857204,64.38441,0
1452,2024-09-12,9:51:40 오전,25.945818,64.27228,0
1453,2024-09-12,9:51:41 오전,25.962093,64.29398,0
1454,2024-09-12,9:51:42 오전,25.86263,64.32653,0
1455,2024-09-12,9:51:43 오전,25.89699,64.33376,0
1456,2024-09-12,9:51:44 오전,25.85359,64.301216,0
1457,2024-09-12,9:51:45 오전,25.85178,64.33015,0
1458,2024-09-12,9:51:46 오전,25.866245,64.46036,0
1459,2024-09-12,9:51:47 오전,25.882524,64.46036,0
1460,2024-09-12,9:51:48 오전,25.891567,64.47845,0
1461,2024-09-12,9:51:49 오전,25.882524,64.39164,0
1462,2024-09-12,9:51:50 오전,25.85359,64.218025,0
1463,2024-09-12,9:51:51 오전,25.878906,64.18548,0
1464,2024-09-12,9:51:52 오전,25.869864,64.07335,0
1465,2024-09-12,9:51:53 오전,25.889757,64.13122,0
1466,2024-09-12,9:51:54 오전,25.88433,64.3627,0
1467,2024-09-12,9:51:55 오전,25.860823,64.33376,0
1468,2024-09-12,9:51:56 오전,25.873482,64.369934,0
1469,2024-09-12,9:51:57 오전,25.893375,64.301216,0
1470,2024-09-12,9:51:58 오전,25.880714,64.34462,0
1471,2024-09-12,9:51:59 오전,25.857204,64.35547,0
1472,2024-09-12,9:52:00 오전,25.887949,64.47121,0
1473,2024-09-12,9:52:01 오전,25.86263,64.47121,0
1474,2024-09-12,9:52:02 오전,25.86263,64.50738,0
1475,2024-09-12,9:52:03 오전,25.869864,64.5978,0
1476,2024-09-12,9:52:04 오전,25.864437,64.688225,0
1477,2024-09-12,9:52:05 오전,25.887949,64.6195,0
1478,2024-09-12,9:52:06 오전,25.88433,64.56886,0
1479,2024-09-12,9:52:07 오전,25.85178,64.547165,0
1480,2024-09-12,9:52:08 오전,25.878906,64.15292,0
1481,2024-09-12,9:52:09 오전,25.880714,64.16739,0
1482,2024-09-12,9:52:10 오전,25.848162,64.02271,0
1483,2024-09-12,9:52:11 오전,25.887949,64.04442,0
1484,2024-09-12,9:52:12 오전,25.880714,64.08058,0
1485,2024-09-12,9:52:13 오전,25.875288,64.076965,0
1486,2024-09-12,9:52:14 오전,25.900608,63.92144,0
1487,2024-09-12,9:52:15 오전,25.889757,63.975693,0
1488,2024-09-12,9:52:16 오전,25.85178,63.632088,0
1489,2024-09-12,9:52:17 오전,25.85359,63.632088,0
1490,2024-09-12,9:52:18 오전,25.860823,63.65741,0
1491,2024-09-12,9:52:19 오전,25.873482,63.592304,0
1492,2024-09-12,9:52:20 오전,25.848162,63.758682,0
1493,2024-09-12,9:52:21 오전,25.882524,63.758682,0
1494,2024-09-12,9:52:22 오전,25.88433,63.60677,0
1495,2024-09-12,9:52:23 오전,25.869864,63.610386,0
1496,2024-09-12,9:52:24 오전,25.85178,63.53443,0
1497,2024-09-12,9:52:25 오전,25.869864,63.48741,0
1498,2024-09-12,9:52:26 오전,25.86263,63.498264,0
1499,2024-09-12,9:52:27 오전,25.860823,63.498264,0
1500,2024-09-12,9:52:28 오전,25.887949,63.53805,0
1501,2024-09-12,9:52:29 오전,25.85359,63.559753,0
1502,2024-09-12,9:52:30 오전,25.875288,63.28125,0
1503,2024-09-12,9:52:31 오전,25.864437,63.331882,0
1504,2024-09-12,9:52:32 오전,25.848162,63.216145,0
1505,2024-09-12,9:52:33 오전,25.89699,63.205296,0
1506,2024-09-12,9:52:34 오전,25.882524,63.36082,0
1507,2024-09-12,9:52:35 오전,25.85359,63.299335,0
1508,2024-09-12,9:52:36 오전,25.89699,63.462097,0
1509,2024-09-12,9:52:37 오전,25.89699,63.42593,0
1510,2024-09-12,9:52:38 오전,25.85359,63.2704,0
1511,2024-09-12,9:52:39 오전,25.860823,63.317417,0
1512,2024-09-12,9:52:40 오전,25.889757,63.40423,0
1513,2024-09-12,9:52:41 오전,25.857204,63.368057,0
1514,2024-09-12,9:52:42 오전,25.857204,63.284866,0
1515,2024-09-12,9:52:43 오전,25.902418,63.321037,0
1516,2024-09-12,9:52:44 오전,25.873482,63.104023,0
1517,2024-09-12,9:52:45 오전,25.860823,63.13296,0
1518,2024-09-12,9:52:46 오전,25.889757,63.19083,0
1519,2024-09-12,9:52:47 오전,25.86263,63.176357,0
1520,2024-09-12,9:52:48 오전,25.864437,63.089554,0
1521,2024-09-12,9:52:49 오전,25.8988,63.13657,0
1522,2024-09-12,9:52:50 오전,25.860823,62.99913,0
1523,2024-09-12,9:52:51 오전,25.889757,62.991898,0
1524,2024-09-12,9:52:52 오전,25.878906,62.95573,0
1525,2024-09-12,9:52:53 오전,25.891567,62.88339,0
1526,2024-09-12,9:52:54 오전,25.8988,63.035305,0
1527,2024-09-12,9:52:55 오전,25.869864,63.04615,0
1528,2024-09-12,9:52:56 오전,25.893375,63.006367,0
1529,2024-09-12,9:52:57 오전,25.893375,63.031685,0
1530,2024-09-12,9:52:58 오전,25.880714,63.071472,0
1531,2024-09-12,9:52:59 오전,25.873482,62.98828,0
1532,2024-09-12,9:53:00 오전,25.864437,63.15827,0
1533,2024-09-12,9:53:01 오전,25.86263,63.241463,0
1534,2024-09-12,9:53:02 오전,25.85359,63.324654,0
1535,2024-09-12,9:53:03 오전,25.900608,63.284866,0
1536,2024-09-12,9:53:04 오전,25.857204,63.37167,0
1537,2024-09-12,9:53:05 오전,25.875288,63.440395,0
1538,2024-09-12,9:53:06 오전,25.873482,63.34274,0
1539,2024-09-12,9:53:07 오전,25.855394,63.34274,0
1540,2024-09-12,9:53:08 오전,25.866245,63.226997,0
1541,2024-09-12,9:53:09 오전,25.878906,63.2487,0
1542,2024-09-12,9:53:10 오전,25.866245,63.353584,0
1543,2024-09-12,9:53:11 오전,25.873482,63.33912,0
1544,2024-09-12,9:53:12 오전,25.860823,63.632088,0
1545,2024-09-12,9:53:13 오전,25.85178,63.66464,0
1546,2024-09-12,9:53:14 오전,25.824654,63.498264,0
1547,2024-09-12,9:53:15 오전,25.78125,63.498264,0
1548,2024-09-12,9:53:16 오전,25.86263,63.494648,0
1549,2024-09-12,9:53:17 오전,25.882524,63.4838,0
1550,2024-09-12,9:53:18 오전,25.893375,63.67549,0
1551,2024-09-12,9:53:19 오전,25.871674,63.66464,0
1552,2024-09-12,9:53:20 오전,25.806566,63.646553,0
1553,2024-09-12,9:53:21 오전,25.799334,63.661026,0
1554,2024-09-12,9:53:22 오전,25.801144,63.30295,0
1555,2024-09-12,9:53:23 오전,25.790293,63.34274,0
1556,2024-09-12,9:53:24 오전,25.821035,62.991898,0
1557,2024-09-12,9:53:25 오전,25.788483,62.99913,1
1558,2024-09-12,9:53:26 오전,25.808376,62.890625,0
1559,2024-09-12,9:53:27 오전,25.806566,62.861687,0
1560,2024-09-12,9:53:28 오전,25.830078,62.70616,0
1561,2024-09-12,9:53:29 오전,25.774017,62.7351,1
1562,2024-09-12,9:53:30 오전,25.891567,62.536167,0
1563,2024-09-12,9:53:31 오전,25.889757,62.543404,0
1564,2024-09-12,9:53:32 오전,25.784868,62.554253,1
1565,2024-09-12,9:53:33 오전,25.790293,62.52894,1
1566,2024-09-12,9:53:34 오전,25.790293,62.402344,1
1567,2024-09-12,9:53:35 오전,25.790293,62.452976,1
1568,2024-09-12,9:53:36 오전,25.808376,62.46745,0
1569,2024-09-12,9:53:37 오전,25.82646,62.485535,0
1570,2024-09-12,9:53:38 오전,25.788483,62.481915,1
1571,2024-09-12,9:53:39 오전,25.801144,62.543404,0
1572,2024-09-12,9:53:40 오전,25.788483,62.626595,1
1573,2024-09-12,9:53:41 오전,25.797525,62.65191,1
1574,2024-09-12,9:53:42 오전,25.819227,62.680847,0
1575,2024-09-12,9:53:43 오전,25.817417,62.684464,0
1576,2024-09-12,9:53:44 오전,25.810184,62.57957,0
1577,2024-09-12,9:53:45 오전,25.830078,62.630207,0
1578,2024-09-12,9:53:46 오전,25.808376,62.47106,0
1579,2024-09-12,9:53:47 오전,25.824654,62.5,0
1580,2024-09-12,9:53:48 오전,25.824654,62.239582,0
1581,2024-09-12,9:53:49 오전,25.78125,62.239582,1
1582,2024-09-12,9:53:50 오전,25.799334,62.09491,1
1583,2024-09-12,9:53:51 오전,25.799334,62.073208,1
1584,2024-09-12,9:53:52 오전,25.806566,62.09129,0
1585,2024-09-12,9:53:53 오전,25.790293,62.1564,1
1586,2024-09-12,9:53:54 오전,25.774017,62.492764,1
1587,2024-09-12,9:53:55 오전,25.810184,62.41681,0
1588,2024-09-12,9:53:56 오전,25.815609,62.47106,0
1589,2024-09-12,9:53:57 오전,25.808376,62.55787,0
1590,2024-09-12,9:53:58 오전,25.788483,62.52894,1
1591,2024-09-12,9:53:59 오전,25.819227,62.525322,0
1592,2024-09-12,9:54:00 오전,25.802952,62.691696,0
1593,2024-09-12,9:54:01 오전,25.835503,62.727863,0
1594,2024-09-12,9:54:02 오전,25.821035,62.944878,0
1595,2024-09-12,9:54:03 오전,25.797525,62.95573,1
1596,2024-09-12,9:54:04 오전,25.808376,62.959343,0
1597,2024-09-12,9:54:05 오전,25.810184,62.90509,0
1598,2024-09-12,9:54:06 오전,25.801144,62.977432,0
1599,2024-09-12,9:54:07 오전,25.793911,62.99913,1
1600,2024-09-12,9:54:08 오전,25.793911,63.16913,0
1601,2024-09-12,9:54:09 오전,25.808376,63.161892,0
1602,2024-09-12,9:54:10 오전,25.817417,63.2487,0
1603,2024-09-12,9:54:11 오전,25.799334,63.245083,0
1604,2024-09-12,9:54:12 오전,25.808376,63.176357,0
1605,2024-09-12,9:54:13 오전,25.802952,63.13296,0
1606,2024-09-12,9:54:14 오전,25.811995,63.230618,0
1607,2024-09-12,9:54:15 오전,25.806566,63.234226,0
1608,2024-09-12,9:54:16 오전,25.815609,63.176357,0
1609,2024-09-12,9:54:17 오전,25.790293,63.230618,0
1610,2024-09-12,9:54:18 오전,25.817417,63.194443,0
1611,2024-09-12,9:54:19 오전,25.82646,63.230618,0
1612,2024-09-12,9:54:20 오전,25.784868,63.16913,0
1613,2024-09-12,9:54:21 오전,25.793911,63.18721,0
1614,2024-09-12,9:54:22 오전,25.821035,63.089554,0
1615,2024-09-12,9:54:23 오전,25.821035,63.15827,0
1616,2024-09-12,9:54:24 오전,25.808376,63.25231,0
1617,2024-09-12,9:54:25 오전,25.799334,63.25231,0
1618,2024-09-12,9:54:26 오전,25.788483,63.53805,0
1619,2024-09-12,9:54:27 오전,25.811995,63.498264,0
1620,2024-09-12,9:54:28 오전,25.806566,63.7189,0
1621,2024-09-12,9:54:29 오전,25.788483,63.765915,0
1622,2024-09-12,9:54:30 오전,25.788483,63.932293,0
1623,2024-09-12,9:54:31 오전,25.802952,63.89974,0
1624,2024-09-12,9:54:32 오전,25.73604,64.040794,0
1625,2024-09-12,9:54:33 오전,25.772207,64.040794,0
1626,2024-09-12,9:54:34 오전,25.7921,64.14931,0
1627,2024-09-12,9:54:35 오전,25.801144,64.14931,0
1628,2024-09-12,9:54:36 오전,25.774017,64.09144,0
1629,2024-09-12,9:54:37 오전,25.743273,64.14569,0
1630,2024-09-12,9:54:38 오전,25.730614,63.97208,0
1631,2024-09-12,9:54:39 오전,25.728804,63.91782,0
1632,2024-09-12,9:54:40 오전,25.833696,63.94676,0
1633,2024-09-12,9:54:41 오전,25.775826,63.91059,0
1634,2024-09-12,9:54:42 오전,25.78125,63.849102,0
1635,2024-09-12,9:54:43 오전,25.797525,63.80932,0
1636,2024-09-12,9:54:44 오전,25.745083,63.76953,0
1637,2024-09-12,9:54:45 오전,25.748697,63.758682,0
1638,2024-09-12,9:54:46 오전,25.73423,63.755066,0
1639,2024-09-12,9:54:47 오전,25.755934,63.755066,0
1640,2024-09-12,9:54:48 오전,25.73604,63.711662,0
1641,2024-09-12,9:54:49 오전,25.730614,63.787617,0
1642,2024-09-12,9:54:50 오전,25.73604,63.610386,0
1643,2024-09-12,9:54:51 오전,25.73604,63.610386,0
1644,2024-09-12,9:54:52 오전,25.737846,63.751446,0
1645,2024-09-12,9:54:53 오전,25.737846,63.693577,0
1646,2024-09-12,9:54:54 오전,25.73604,63.932293,0
1647,2024-09-12,9:54:55 오전,25.761356,63.990166,0
1648,2024-09-12,9:54:56 오전,25.775826,63.986546,0
1649,2024-09-12,9:54:57 오전,25.730614,64.0191,0
1650,2024-09-12,9:54:58 오전,25.745083,64.0191,0
1651,2024-09-12,9:54:59 오전,25.757738,64.00825,0
1652,2024-09-12,9:55:00 오전,25.73423,64.21079,0
1653,2024-09-12,9:55:01 오전,25.730614,64.218025,0
1654,2024-09-12,9:55:02 오전,25.763166,64.388016,0
1655,2024-09-12,9:55:03 오전,25.757738,64.46036,0
1656,2024-09-12,9:55:04 오전,25.754124,64.56525,0
1657,2024-09-12,9:55:05 오전,25.763166,64.56163,0
1658,2024-09-12,9:55:06 오전,25.774017,64.717155,0
1659,2024-09-12,9:55:07 오전,25.772207,64.680984,0
1660,2024-09-12,9:55:08 오전,25.755934,64.96673,0
1661,2024-09-12,9:55:09 오전,25.76678,64.89439,0
1662,2024-09-12,9:55:10 오전,25.764975,65.11501,0
1663,2024-09-12,9:55:11 오전,25.746891,65.0897,0
1664,2024-09-12,9:55:12 오전,25.779442,65.51288,0
1665,2024-09-12,9:55:13 오전,25.7704,65.49117,0
1666,2024-09-12,9:55:14 오전,25.73604,65.66479,0
1667,2024-09-12,9:55:15 오전,25.73604,65.77329,0
1668,2024-09-12,9:55:16 오전,25.76678,65.70095,0
1669,2024-09-12,9:55:17 오전,25.73604,65.69372,0
1670,2024-09-12,9:55:18 오전,25.728804,65.70095,0
1671,2024-09-12,9:55:19 오전,25.7704,65.67564,0
1672,2024-09-12,9:55:20 오전,25.730614,65.69372,0
1673,2024-09-12,9:55:21 오전,25.72519,65.7552,0
1674,2024-09-12,9:55:22 오전,25.73423,65.686485,0
1675,2024-09-12,9:55:23 오전,25.748697,65.67564,0
1676,2024-09-12,9:55:24 오전,25.726997,65.85648,0
1677,2024-09-12,9:55:25 오전,25.7704,65.816696,0
1678,2024-09-12,9:55:26 오전,25.752316,65.838394,0
1679,2024-09-12,9:55:27 오전,25.73423,65.838394,0
1680,2024-09-12,9:55:28 오전,25.730614,65.94329,0
1681,2024-09-12,9:55:29 오전,25.748697,65.90712,0
1682,2024-09-12,9:55:30 오전,25.775826,65.9903,0
1683,2024-09-12,9:55:31 오전,25.755934,66.04817,0
1684,2024-09-12,9:55:32 오전,25.752316,66.08796,0
1685,2024-09-12,9:55:33 오전,25.746891,66.10605,0
1686,2024-09-12,9:55:34 오전,25.743273,66.35561,0
1687,2024-09-12,9:55:35 오전,25.728804,66.4605,0
1688,2024-09-12,9:55:36 오전,25.73423,66.344765,0
1689,2024-09-12,9:55:37 오전,25.73423,66.30136,0
1690,2024-09-12,9:55:38 오전,25.73604,66.026474,0
1691,2024-09-12,9:55:39 오전,25.757738,65.979454,0
1692,2024-09-12,9:55:40 오전,25.775826,65.921585,0
1693,2024-09-12,9:55:41 오전,25.746891,65.94691,0
1694,2024-09-12,9:55:42 오전,25.757738,66.15307,0
1695,2024-09-12,9:55:43 오전,25.73604,66.1603,0
1696,2024-09-12,9:55:44 오전,25.739655,66.26519,0
1697,2024-09-12,9:55:45 오전,25.76678,66.297745,0
1698,2024-09-12,9:55:46 오전,25.739655,66.27242,0
1699,2024-09-12,9:55:47 오전,25.73604,66.27242,0
1700,2024-09-12,9:55:48 오전,25.748697,66.35923,0
1701,2024-09-12,9:55:49 오전,25.73604,66.38817,0
1702,2024-09-12,9:55:50 오전,25.755934,66.21094,0
1703,2024-09-12,9:55:51 오전,25.730614,66.23264,0
1704,2024-09-12,9:55:52 오전,25.73423,66.062645,0
1705,2024-09-12,9:55:53 오전,25.752316,66.00839,0
1706,2024-09-12,9:55:54 오전,25.739655,66.01201,0
1707,2024-09-12,9:55:55 오전,25.772207,66.015625,0
1708,2024-09-12,9:55:56 오전,25.772207,66.10605,0
1709,2024-09-12,9:55:57 오전,25.7704,66.1603,0
1710,2024-09-12,9:55:58 오전,25.772207,66.14583,0
1711,2024-09-12,9:55:59 오전,25.775826,66.23264,0
1712,2024-09-12,9:56:00 오전,25.748697,66.38817,0
1713,2024-09-12,9:56:01 오전,25.73423,66.42433,0
1714,2024-09-12,9:56:02 오전,25.730614,66.47136,0
1715,2024-09-12,9:56:03 오전,25.746891,66.478584,0
1716,2024-09-12,9:56:04 오전,25.72519,66.572624,0
1717,2024-09-12,9:56:05 오전,25.76678,66.626884,0
1718,2024-09-12,9:56:06 오전,25.745083,66.57986,0
1719,2024-09-12,9:56:07 오전,25.739655,66.608795,0
1720,2024-09-12,9:56:08 오전,25.772207,66.59071,0
1721,2024-09-12,9:56:09 오전,25.763166,66.49667,0
1722,2024-09-12,9:56:10 오전,25.772207,66.4822,0
1723,2024-09-12,9:56:11 오전,25.752316,65.9903,0
1724,2024-09-12,9:56:12 오전,25.76678,65.7552,0
1725,2024-09-12,9:56:13 오전,25.73604,65.30671,0
1726,2024-09-12,9:56:14 오전,25.752316,65.270546,0
1727,2024-09-12,9:56:15 오전,25.73423,65.03183,0
1728,2024-09-12,9:56:16 오전,25.739655,64.96673,0
1729,2024-09-12,9:56:17 오전,25.748697,64.94864,0
1730,2024-09-12,9:56:18 오전,25.743273,64.86907,0
1731,2024-09-12,9:56:19 오전,25.764975,64.78588,0
1732,2024-09-12,9:56:20 오전,25.76678,64.84375,0
1733,2024-09-12,9:56:21 오전,25.764975,64.970345,0
1734,2024-09-12,9:56:22 오전,25.76678,65.006516,0
1735,2024-09-12,9:56:23 오전,25.761356,65.62862,0
1736,2024-09-12,9:56:24 오전,25.7704,65.65755,0
1737,2024-09-12,9:56:25 오전,25.7704,66.062645,0
1738,2024-09-12,9:56:26 오전,25.76678,66.01924,0
1739,2024-09-12,9:56:27 오전,25.739655,65.92882,0
1740,2024-09-12,9:56:28 오전,25.757738,65.95414,0
1741,2024-09-12,9:56:29 오전,25.76678,66.04817,0
1742,2024-09-12,9:56:30 오전,25.743273,66.05541,0
1743,2024-09-12,9:56:31 오전,25.716146,66.33753,0
1744,2024-09-12,9:56:32 오전,25.730614,66.279655,0
1745,2024-09-12,9:56:33 오전,25.728804,66.44242,0
1746,2024-09-12,9:56:34 오전,25.748697,66.4605,0
1747,2024-09-12,9:56:35 오전,25.755934,66.49667,0
1149,2024-09-12,9:46:37 오전,25.815609,67.024734,0
1150,2024-09-12,9:46:38 오전,25.784868,66.99219,0
1151,2024-09-12,9:46:39 오전,25.815609,67.15133,0
1152,2024-09-12,9:46:40 오전,25.806566,67.115166,0
1153,2024-09-12,9:46:41 오전,25.810184,67.248985,0
1154,2024-09-12,9:46:42 오전,25.788483,67.21282,0
1155,2024-09-12,9:46:43 오전,25.783058,67.24175,0
1156,2024-09-12,9:46:44 오전,25.811995,67.19112,0
1157,2024-09-12,9:46:45 오전,25.815609,67.3177,0
1158,2024-09-12,9:46:46 오전,25.78125,67.29962,0
1159,2024-09-12,9:46:47 오전,25.811995,67.353874,0
1160,2024-09-12,9:46:48 오전,25.802952,67.27792,0
1161,2024-09-12,9:46:49 오전,25.801144,67.34664,0
1162,2024-09-12,9:46:50 오전,25.82646,67.33941,0
1163,2024-09-12,9:46:51 오전,25.784868,67.27792,0
1164,2024-09-12,9:46:52 오전,25.806566,67.350266,0
1165,2024-09-12,9:46:53 오전,25.7921,67.661316,0
1166,2024-09-12,9:46:54 오전,25.830078,67.62153,0
1167,2024-09-12,9:46:55 오전,25.801144,67.82769,0
1168,2024-09-12,9:46:56 오전,25.78125,67.805984,0
1169,2024-09-12,9:46:57 오전,25.82827,67.87109,0
1170,2024-09-12,9:46:58 오전,25.788483,67.889175,0
1171,2024-09-12,9:46:59 오전,25.82646,67.86386,0
1172,2024-09-12,9:47:00 오전,25.82646,67.87471,0
1173,2024-09-12,9:47:01 오전,25.808376,68.03386,0
1174,2024-09-12,9:47:02 오전,25.83731,67.9796,0
1175,2024-09-12,9:47:03 오전,25.793911,68.14598,1
1176,2024-09-12,9:47:04 오전,25.810184,68.26172,0
1177,2024-09-12,9:47:05 오전,25.819227,68.294266,0
1178,2024-09-12,9:47:06 오전,25.790293,68.348526,1
1179,2024-09-12,9:47:07 오전,25.793911,68.359375,1
1180,2024-09-12,9:47:08 오전,25.811995,68.30874,0
1181,2024-09-12,9:47:09 오전,25.799334,68.294266,1
1182,2024-09-12,9:47:10 오전,25.811995,68.35214,0
1183,2024-09-12,9:47:11 오전,25.808376,68.2581,0
1184,2024-09-12,9:47:12 오전,25.797525,68.182144,1
1185,2024-09-12,9:47:13 오전,25.830078,68.16768,0
1186,2024-09-12,9:47:14 오전,25.802952,68.189384,0
1187,2024-09-12,9:47:15 오전,25.784868,68.218315,1
1188,2024-09-12,9:47:16 오전,25.802952,68.254486,0
1189,2024-09-12,9:47:17 오전,25.788483,68.1496,1
1190,2024-09-12,9:47:18 오전,25.802952,68.14236,0
1191,2024-09-12,9:47:19 오전,25.78125,68.01577,1
1192,2024-09-12,9:47:20 오전,25.810184,68.05194,0
1193,2024-09-12,9:47:21 오전,25.806566,67.97237,0
1194,2024-09-12,9:47:22 오전,25.819227,67.983215,0
1195,2024-09-12,9:47:23 오전,25.784868,67.94343,0
1196,2024-09-12,9:47:24 오전,25.775826,67.9145,0
1197,2024-09-12,9:47:25 오전,25.774017,67.52749,0
1198,2024-09-12,9:47:26 오전,25.808376,67.484085,0
1199,2024-09-12,9:47:27 오전,25.784868,67.22729,0
1200,2024-09-12,9:47:28 오전,25.824654,67.22367,0
1201,2024-09-12,9:47:29 오전,25.799334,67.21282,0
1202,2024-09-12,9:47:30 오전,25.78125,67.2309,0
1203,2024-09-12,9:47:31 오전,25.889757,67.24175,0
1204,2024-09-12,9:47:32 오전,25.878906,67.165794,0
1205,2024-09-12,9:47:33 오전,25.878906,67.248985,0
1206,2024-09-12,9:47:34 오전,25.866245,67.19112,0
1207,2024-09-12,9:47:35 오전,25.86263,67.08623,0
1208,2024-09-12,9:47:36 오전,25.855394,67.11155,0
1209,2024-09-12,9:47:37 오전,25.887949,67.33579,0
1210,2024-09-12,9:47:38 오전,25.882524,67.36473,0
1211,2024-09-12,9:47:39 오전,25.873482,67.27792,0
1212,2024-09-12,9:47:40 오전,25.85359,67.35749,0
1213,2024-09-12,9:47:41 오전,25.88433,67.20558,0
1214,2024-09-12,9:47:42 오전,25.882524,67.23814,0
1215,2024-09-12,9:47:43 오전,25.900608,67.31048,0
1216,2024-09-12,9:47:44 오전,25.871674,67.34664,0
1217,2024-09-12,9:47:45 오전,25.821035,67.40452,0
1218,2024-09-12,9:47:46 오전,25.790293,67.44068,0
1219,2024-09-12,9:47:47 오전,25.866245,67.437065,0
1220,2024-09-12,9:47:48 오전,25.88433,67.39366,0
1221,2024-09-12,9:47:49 오전,25.873482,67.34664,0
1222,2024-09-12,9:47:50 오전,25.873482,67.29962,0
1223,2024-09-12,9:47:51 오전,25.878906,67.15856,0
1224,2024-09-12,9:47:52 오전,25.889757,67.09346,0
1225,2024-09-12,9:47:53 오전,25.869864,67.060905,0
1226,2024-09-12,9:47:54 오전,25.89699,67.02836,0
1227,2024-09-12,9:47:55 오전,25.85359,67.01389,0
1228,2024-09-12,9:47:56 오전,25.88433,67.0573,0
1229,2024-09-12,9:47:57 오전,25.810184,67.04282,0
1230,2024-09-12,9:47:58 오전,25.779442,67.01027,0
1231,2024-09-12,9:47:59 오전,25.866245,67.0573,0
1232,2024-09-12,9:48:00 오전,25.882524,67.05006,0
1233,2024-09-12,9:48:01 오전,25.893375,66.91624,0
1234,2024-09-12,9:48:02 오전,25.85178,66.95964,0
1235,2024-09-12,9:48:03 오전,25.889757,66.62327,0
1236,2024-09-12,9:48:04 오전,25.864437,66.62327,0
1237,2024-09-12,9:48:05 오전,25.880714,66.44242,0
1238,2024-09-12,9:48:06 오전,25.871674,66.39902,0
1239,2024-09-12,9:48:07 오전,25.848162,66.32306,0
1240,2024-09-12,9:48:08 오전,25.889757,66.31944,0
1241,2024-09-12,9:48:09 오전,25.891567,66.14583,0
1242,2024-09-12,9:48:10 오전,25.848162,66.13499,0
1243,2024-09-12,9:48:11 오전,25.866245,66.00116,0
1244,2024-09-12,9:48:12 오전,25.88433,65.939674,0
1245,2024-09-12,9:48:13 오전,25.848162,66.01924,0
1246,2024-09-12,9:48:14 오전,25.889757,66.03733,0
1247,2024-09-12,9:48:15 오전,25.88433,66.14583,0
1248,2024-09-12,9:48:16 오전,25.887949,66.109665,0
1249,2024-09-12,9:48:17 오전,25.855394,66.05541,0
1250,2024-09-12,9:48:18 오전,25.900608,66.03371,0
1251,2024-09-12,9:48:19 오전,25.85178,65.9903,0
1252,2024-09-12,9:48:20 오전,25.887949,65.97584,0
1253,2024-09-12,9:48:21 오전,25.869864,66.00116,0
1254,2024-09-12,9:48:22 오전,25.857204,66.156685,0
1255,2024-09-12,9:48:23 오전,25.880714,66.19647,0
1256,2024-09-12,9:48:24 오전,25.869864,66.192856,0
1257,2024-09-12,9:48:25 오전,25.864437,66.279655,0
1258,2024-09-12,9:48:26 오전,25.880714,66.32306,0
1259,2024-09-12,9:48:27 오전,25.85178,66.42433,0
1260,2024-09-12,9:48:28 오전,25.887949,66.41348,0
1261,2024-09-12,9:48:29 오전,25.844547,66.37008,0
1262,2024-09-12,9:48:30 오전,25.88433,66.30136,0
1263,2024-09-12,9:48:31 오전,25.889757,66.25434,0
1264,2024-09-12,9:48:32 오전,25.88433,66.23264,0
1265,2024-09-12,9:48:33 오전,25.86263,66.24711,0
1266,2024-09-12,9:48:34 오전,25.855394,66.30498,0
1267,2024-09-12,9:48:35 오전,25.902418,66.326675,0
1268,2024-09-12,9:48:36 오전,25.893375,66.333916,0
1269,2024-09-12,9:48:37 오전,25.880714,66.27242,0
1270,2024-09-12,9:48:38 오전,25.8988,66.17115,0
1271,2024-09-12,9:48:39 오전,25.855394,66.2254,0
1272,2024-09-12,9:48:40 오전,25.8988,66.34114,0
1273,2024-09-12,9:48:41 오전,25.866245,66.31583,0
1274,2024-09-12,9:48:42 오전,25.857204,66.32306,0
1275,2024-09-12,9:48:43 오전,25.89699,66.30498,0
1276,2024-09-12,9:48:44 오전,25.873482,66.15307,0
1277,2024-09-12,9:48:45 오전,25.864437,66.23264,0
1278,2024-09-12,9:48:46 오전,25.882524,66.18923,0
1279,2024-09-12,9:48:47 오전,25.855394,66.192856,0
1280,2024-09-12,9:48:48 오전,25.855394,66.20732,0
1281,2024-09-12,9:48:49 오전,25.889757,66.23626,0
1282,2024-09-12,9:48:50 오전,25.869864,66.10243,0
1283,2024-09-12,9:48:51 오전,25.887949,66.17477,0
1284,2024-09-12,9:48:52 오전,25.893375,66.00839,0
1285,2024-09-12,9:48:53 오전,25.857204,66.00839,0
1286,2024-09-12,9:48:54 오전,25.869864,66.04456,0
1287,2024-09-12,9:48:55 오전,25.900608,66.03371,0
1288,2024-09-12,9:48:56 오전,25.88433,66.109665,0
1289,2024-09-12,9:48:57 오전,25.871674,66.1603,0
1290,2024-09-12,9:48:58 오전,25.86263,66.08434,0
1291,2024-09-12,9:48:59 오전,25.875288,66.109665,0
1292,2024-09-12,9:49:00 오전,25.864437,66.13499,0
1293,2024-09-12,9:49:01 오전,25.873482,66.091576,0
1294,2024-09-12,9:49:02 오전,25.8988,66.12413,0
1295,2024-09-12,9:49:03 오전,25.875288,66.109665,0
1296,2024-09-12,9:49:04 오전,25.925926,66.16392,0
1297,2024-09-12,9:49:05 오전,25.95486,66.14583,0
1298,2024-09-12,9:49:06 오전,25.889757,66.2254,0
1299,2024-09-12,9:49:07 오전,25.871674,66.23264,0
1300,2024-09-12,9:49:08 오전,25.889757,66.22902,0
1301,2024-09-12,9:49:09 오전,25.882524,66.2254,0
1302,2024-09-12,9:49:10 오전,25.965712,66.21094,0
1303,2024-09-12,9:49:11 오전,25.94401,66.15307,0
1304,2024-09-12,9:49:12 오전,25.889757,66.00839,0
1305,2024-09-12,9:49:13 오전,25.889757,66.03009,0
1306,2024-09-12,9:49:14 오전,25.855394,65.82031,0
1307,2024-09-12,9:49:15 오전,25.90784,65.816696,0
1308,2024-09-12,9:49:16 오전,25.965712,65.71181,0
1309,2024-09-12,9:49:17 오전,25.916883,65.74798,0
1310,2024-09-12,9:49:18 오전,25.889757,65.50564,0
1311,2024-09-12,9:49:19 오전,25.88433,65.53096,0
1312,2024-09-12,9:49:20 오전,25.89699,65.49117,0
1313,2024-09-12,9:49:21 오전,25.860823,65.50564,0
1314,2024-09-12,9:49:22 오전,25.938585,65.469475,0
1315,2024-09-12,9:49:23 오전,25.916883,65.52011,0
